13,1,9,65664,0.272,0.424
13,1,9,65703,-0.214,-0.974
13,1,9,65742,-0.338,0.034
13,1,9,65781,-0.395,0.091
13,1,9,65820,-0.061,0.302
13,1,9,65859,-0.406,-0.048
13,1,9,65898,-0.25,-0.02
13,1,9,65937,-0.095,-0.037
13,1,9,65976,0.39,-0.33
13,1,9,66015,0.761,-0.614
13,1,9,66054,0.182,0.546
13,1,9,66093,0.022,-0.221
13,1,9,66132,-0.322,-0.78
13,1,9,66171,-0.2,0.335
13,1,9,66210,0.279,-0.556
13,1,9,66249,0.131,0.118
13,1,9,66289,-0.013,0.052
13,1,9,66328,0.298,-0.33
13,1,9,66367,0.701,-0.282
13,1,9,66406,1.112,-0.265
13,1,9,66445,1.087,0.251
13,1,9,66484,0.225,0.229
13,1,9,66523,0.615,-0.598
13,1,9,66562,0.133,-0.057
13,1,9,66601,0.6,0.233
13,1,9,66640,0.196,-0.252
13,1,9,66679,-0.221,0.477
13,1,9,66718,0.216,-0.64
13,1,9,66757,-0.117,0.306
13,1,9,66796,0.4,-0.153
13,1,9,66835,0.181,0.108
13,1,9,66874,-0.081,0.994
13,1,9,66914,-0.047,-0.805
13,1,9,66953,-0.04,-0.036
13,1,9,66992,0.35,0.168
13,1,9,67031,0.632,0.058
13,1,9,67070,0.442,0.147
13,1,9,67109,0.38,-0.222
13,1,9,67148,0.688,-0.22
13,1,9,67187,0.767,-0.134
13,1,9,67226,0.688,0.176
13,1,9,67265,-0.135,0.609
13,1,9,67304,-0.392,-0.154
13,1,9,67343,0.03,-0.761
13,1,9,67382,0.004,0.563
13,1,9,67421,-0.11,0.227
13,1,9,67460,-0.465,-0.261
13,1,9,67499,-0.131,-0.399
13,1,9,67539,0.414,-0.398
13,1,9,67578,0.444,0.009
13,1,9,67617,0.031,0.403
13,1,9,67656,0.104,-0.251
13,1,9,67695,0.148,-0.415
13,1,9,67734,-0.001,0.315
13,1,9,67773,-0.345,0.222
13,1,9,67812,-0.391,0.163
13,1,9,67851,-0.182,0.001
13,1,9,67890,0.532,-0.334
13,1,9,67929,0.103,0.495
13,1,9,67968,0.255,0.515
13,1,9,68007,0.298,-0.52
13,1,9,68046,0.587,-0.205
13,1,9,68085,0.39,-0.696
13,1,9,68124,-0.018,0.701
13,1,9,68164,-0.406,0.583
13,1,9,68203,-0.05,-0.828
13,1,9,68242,0.113,-0.341
13,1,9,68281,0.147,0.159
13,1,9,68320,-0.084,0.544
13,1,9,68359,-0.116,-0.187
13,1,9,68398,0.238,-0.315
13,1,9,68437,0.105,-0.049
13,1,9,68476,-0.031,-0.108
13,1,9,68515,-0.424,0.323
13,1,9,68554,-0.58,0.243
13,1,9,68593,-0.174,-0.769
13,1,9,68632,-0.287,-0.095
13,1,9,68671,-0.271,0.738
13,1,9,68710,-0.344,0.133
13,1,9,68749,-0.244,-0.332
13,1,9,68789,0.101,-0.66
13,1,9,68828,-0.052,0.273
13,1,9,68867,-0.177,-0.103
13,1,9,68906,-0.115,-0.11
13,1,9,68945,-0.294,0.473
13,1,9,68984,0.064,-0.613
13,1,9,69023,0.335,-0.211
13,1,9,69062,0.391,0.463
13,1,9,69101,0.768,-0.037
13,1,9,69140,0.304,-0.313
13,1,9,69179,0.368,-0.272
13,1,9,69218,-0.014,0.153
13,1,9,69257,-0.091,0.017
13,1,9,69296,-0.122,-0.641
13,1,9,69335,-0.542,0.436
13,1,9,69374,-0.211,-0.117
13,1,9,69414,-0.403,-0.036
13,1,9,69453,0.49,-0.257
13,1,9,69492,0.576,-0.374
13,1,9,69531,0.481,0.47
13,1,9,69570,0.131,-0.179
13,1,9,69609,0.114,0.52
13,1,9,69648,0.528,-0.471
13,1,9,69687,0.553,-0.065
13,1,9,69726,0.339,0.622
13,1,9,69765,0.387,-0.14
13,1,9,69804,0.778,-0.255
13,1,9,69843,1.071,-0.784
13,1,9,69882,1.095,0.045
13,1,9,69921,0.679,0.248
13,1,9,69960,0.656,-0.122
13,1,9,69999,0.87,-0.027
13,1,9,70039,0.807,-0.105
13,1,9,70078,0.805,0.02
13,1,9,70117,0.255,0.579
13,1,9,70156,0.975,-0.032
13,1,9,70195,0.624,-0.079
13,1,9,70234,0.879,-0.31
13,1,9,70273,0.43,-0.271
13,1,9,70312,0.125,0.763
13,1,9,70351,-0.096,-0.601
13,1,9,70390,-0.337,-0.491
13,1,9,70429,-0.722,0.079
13,1,9,70468,-1,-0.084
13,1,9,70507,-1.376,0.066
13,1,9,70546,-1.092,0.084
13,1,9,70585,-0.824,-0.433
13,1,9,70624,-0.402,-0.277
13,1,9,70664,-0.058,-0.155
13,1,9,70703,-0.064,0.352
13,1,9,70742,-0.01,-0.279
13,1,9,70781,-0.052,-0.267
13,1,9,70820,-0.338,0.464
13,1,9,70859,-0.184,-0.384
13,1,9,70898,-0.252,0.12
13,1,9,70937,-0.478,0.579
13,1,9,70976,-0.411,-0.231
13,1,9,71015,-0.295,-0.214
13,1,9,71054,0.173,0.178
13,1,9,71093,0.304,0.115
13,1,9,71132,-0.281,0.354
13,1,9,71171,-0.022,-0.316
13,1,9,71210,0.002,-0.195
13,1,9,71249,-0.286,0.047
13,1,9,71289,-0.622,-0.483
13,1,9,71328,-0.852,0.582
13,1,9,71367,-0.61,0.079
13,1,9,71406,-0.388,-0.307
13,1,9,71445,-0.081,-0.039
13,1,9,71484,0.245,0.213
13,1,9,71523,0.114,0.395
13,1,9,71562,-0.083,0.21
13,1,9,71601,-0.208,0.028
13,1,9,71640,-0.242,-0.39
13,1,9,71679,-0.334,-0.037
13,1,9,71718,-0.738,0.328
13,1,9,71757,-0.504,-0.041
13,1,9,71796,-0.081,-0.109
13,1,9,71835,0.801,-0.383
13,1,9,71874,0.596,-0.087
13,1,9,71914,0.721,0.243
13,1,9,71953,0.484,-0.152
13,1,9,71992,0.42,0.677
13,1,9,72031,0.303,-0.181
13,1,9,72070,0.113,0.266
13,1,9,72109,0.226,0.154
13,1,9,72148,0.264,-0.037
13,1,9,72187,0.564,0.223
13,1,9,72226,0.369,-0.308
13,1,9,72265,0.154,0.191
13,1,9,72304,-0.015,-0.392
13,1,9,72343,0.059,-0.141
13,1,9,72382,-0.593,0.855
13,1,9,72421,-0.835,0.142
13,1,9,72460,-0.542,-0.355
13,1,9,72499,0.285,-0.22
13,1,9,72539,0.44,0.496
13,1,9,72578,0.481,0.04
13,1,9,72617,0.59,-0.165
13,1,9,72656,1.088,0.698
13,1,9,72695,-0.018,-1.17
13,1,9,72734,0.357,-0.187
13,1,9,72773,-1.272,1.422
13,1,9,72812,0.019,-0.942
13,1,9,72851,-0.856,-0.522
13,1,9,72890,0.044,0.524
13,1,9,72929,0.208,-0.885
13,1,9,72968,0.024,0.741
13,1,9,73007,0.496,-0.786
13,1,9,73046,-0.384,1.015
13,1,9,73085,-0.166,-0.516
13,1,9,73124,-0.481,-0.581
13,1,9,73164,-0.406,1.573
13,1,9,73203,-0.357,-0.647
13,1,9,73242,0.277,-0.406
13,1,9,73281,0.219,-0.27
13,1,9,73320,0.778,0.346
13,1,9,73359,0.121,-0.095
13,1,9,73398,0.125,-0.433
13,1,9,73437,-0.11,0.295
13,1,9,73476,-0.19,0.013
13,1,9,73515,-0.107,-0.463
13,1,9,73554,0.158,0.097
13,1,9,73593,0.219,0.181
13,1,9,73632,0.631,-0.482
13,1,9,73671,0.253,-0.099
13,1,9,73710,0.511,0.596
13,1,9,73749,0.123,-0.13
13,1,9,73789,0.126,-0.252
13,1,9,73828,-0.229,-0.081
13,1,9,73867,0.195,-0.1
13,1,9,73906,0.432,-0.434
13,1,9,73945,0.707,0.105
13,1,9,73984,0.802,-0.202
13,1,9,74023,0.759,-0.27
13,1,9,74062,0.52,0.22
13,1,9,74101,-0.002,-0.172
13,1,9,74140,-0.265,0.125
13,1,9,74179,-0.621,-0.037
13,1,9,74218,-0.798,0.19
13,1,9,74257,-1.318,0.244
13,1,9,74296,-1.086,-0.172
13,1,9,74335,-0.806,0.255
13,1,9,74374,-0.678,-0.213
13,1,9,74414,-0.477,-0.175
13,1,9,74453,-0.793,0.252
13,1,9,74492,-0.582,0.209
13,1,9,74531,-0.601,-0.243
13,1,9,74570,-0.586,0.33
13,1,9,74609,-0.292,0.356
13,1,9,74648,-0.307,0.196
13,1,9,74687,0.197,-0.184
13,1,9,74726,0.179,-0.158
13,1,9,74765,0.209,0.518
13,1,9,74804,-0.048,-0.585
13,1,9,74843,-0.235,0.356
13,1,9,74882,-0.299,-0.127
13,1,9,74921,-0.442,0.198
13,1,9,74960,-0.453,-0.317
13,1,9,74999,-0.368,-0.286
13,1,9,75039,-0.093,0.511
13,1,9,75078,-0.269,-0.072
13,1,9,75117,-0.055,0.328
13,1,9,75156,0.312,-0.524
13,1,9,75195,0.399,0.39
13,1,9,75234,0.443,-0.228
13,1,9,75273,0.557,-0.471
13,1,9,75312,0.906,0.36
13,1,9,75351,0.933,0.051
13,1,9,75390,0.842,0.079
13,1,9,75429,0.867,-0.248
13,1,9,75468,0.953,0.034
13,1,9,75507,0.456,0.26
13,1,9,75546,0.35,-0.184
13,1,9,75585,0.283,-0.064
13,1,9,75624,0.119,0.294
13,1,9,75664,0.344,-0.426
13,1,9,75703,0.041,0.301
13,1,9,75742,0.469,0.206
13,1,9,75781,0.73,-0.353
13,1,9,75820,0.663,0.1
13,1,9,75859,0.676,-0.007
13,1,9,75898,0.547,0.539
13,1,9,75937,0.869,-0.341
13,1,9,75976,0.65,-0.305
13,1,9,76015,0.458,0.326
13,1,9,76054,0.45,-0.173
13,1,9,76093,0.503,0.152
13,1,9,76132,0.698,-0.098
13,1,9,76171,0.562,-0.045
13,1,9,76210,0.185,0.357
13,1,9,76249,0.257,0.091
13,1,9,76289,-0.265,0.435
13,1,9,76328,-0.521,-0.032
13,1,9,76367,-1.048,0.264
13,1,9,76406,-1.663,0.36
13,1,9,76445,-1.31,-0.833
13,1,9,76484,-1.743,0.351
13,1,9,76523,-1.388,0.066
13,1,9,76562,-1.625,0.286
13,1,9,76601,-0.929,-0.042
13,1,9,76640,-0.534,-0.525
13,1,9,76679,-0.444,0.55
13,1,9,76718,-0.316,-0.63
13,1,9,76757,-0.318,0.055
13,1,9,76796,-0.21,0.236
13,1,9,76835,-0.505,-0.113
13,1,9,76874,-0.684,0.103
13,1,9,76914,-0.629,-0.301
13,1,9,76953,-0.161,0.079
13,1,9,76992,-0.072,-0.012
13,1,9,77031,0.382,-0.302
13,1,9,77070,0.279,0.148
13,1,9,77109,0.145,-0.164
13,1,9,77148,-0.209,-0.323
13,1,9,77187,-0.623,0.626
13,1,9,77226,-0.467,-0.034
13,1,9,77265,-0.466,-0.134
13,1,9,77304,-0.322,-0.171
13,1,9,77343,-0.042,-0.48
13,1,9,77382,0.212,-0.024
13,1,9,77421,0.592,-0.192
13,1,9,77460,0.519,-0.105
13,1,9,77499,0.097,-0.149
13,1,9,77539,-0.194,-0.258
13,1,9,77578,-0.434,0.406
13,1,9,77617,-0.548,0.032
13,1,9,77656,-0.708,0.469
13,1,9,77695,-0.298,-0.158
13,1,9,77734,-0.019,-0.178
13,1,9,77773,0.377,0.222
13,1,9,77812,0.745,-0.653
13,1,9,77851,0.682,0.243
13,1,9,77890,0.194,0.214
13,1,9,77929,-0.165,0.123
13,1,9,77968,-0.393,-0.125
13,1,9,78007,-0.156,-0.024
13,1,9,78046,-0.25,0.206
13,1,9,78085,-0.027,-0.328
13,1,9,78124,0.483,-0.628
13,1,9,78164,0.7,0.104
13,1,9,78203,0.679,-0.228
13,1,9,78242,0.28,-0.054
13,1,9,78281,-0.304,0.749
13,1,9,78320,-0.353,0.006
13,1,9,78359,-0.752,-0.069
13,1,9,78398,-0.421,-0.152
13,1,9,78437,0.116,-0.161
13,1,9,78476,0.184,0.18
13,1,9,78515,0.243,0.052
13,1,9,78554,0.306,0.106
13,1,9,78593,0.83,-0.101
13,1,9,78632,0.52,0.215
13,1,9,78671,-0.112,0.309
13,1,9,78710,-0.704,0.329
13,1,9,78749,-0.362,-0.032
13,1,9,78789,-0.115,-0.144
13,1,9,78828,0.353,-0.077
13,1,9,78867,0.171,-0.101
13,1,9,78906,0.446,-0.308
13,1,9,78945,0.59,-0.786
13,1,9,78984,0.336,0.1
13,1,9,79023,0.105,0.276
13,1,9,79062,-0.045,-0.431
13,1,9,79101,-0.364,-0.009
13,1,9,79140,-0.124,-0.265
13,1,9,79179,-0.302,-0.311
13,1,9,79218,-0.089,-0.095
13,1,9,79257,-0.233,-0.096
13,1,9,79296,-0.427,0.1
13,1,9,79335,-0.498,-0.877
13,1,9,79374,-0.557,0.321
13,1,9,79414,-0.583,0.304
13,1,9,79453,-0.404,-0.203
13,1,9,79492,-0.669,0.164
13,1,9,79531,-0.493,-0.216
13,1,9,79570,-0.217,-0.46
13,1,9,79609,-0.326,0.44
13,1,9,79648,-0.007,0.419
13,1,9,79687,-0.462,-0.496
13,1,9,79726,-0.224,-0.3
13,1,9,79765,-0.488,0.114
13,1,9,79804,-0.237,0.328
13,1,9,79843,-0.455,-0.201
13,1,9,79882,-0.367,0.158
13,1,9,79921,-0.375,-0.47
13,1,9,79960,0.164,-0.521
13,1,9,79999,-0.039,0.381
13,1,9,80039,-0.239,0.397
13,1,9,80078,-0.494,-0.209
13,1,9,80117,-0.758,-0.014
13,1,9,80156,-0.613,0.373
13,1,9,80195,-0.717,-0.061
13,1,9,80234,-0.564,0.16
13,1,9,80273,-0.479,0.313
13,1,9,80312,-0.613,-0.236
13,1,9,80351,-0.172,-0.336
13,1,9,80390,-0.082,0.047
13,1,9,80429,0.045,0.413
13,1,9,80468,-0.675,0.079
13,1,9,80507,-0.669,-0.507
13,1,9,80546,-0.545,-0.153
13,1,9,80585,-0.284,-0.12
13,1,9,80624,-0.748,0.357
13,1,9,80664,-0.647,-0.17
13,1,9,80703,-0.154,-0.408
13,1,9,80742,0.439,-0.18
13,1,9,80781,0.657,-0.203
13,1,9,80820,0.593,0.37
13,1,9,80859,0.353,-0.259
13,1,9,80898,0.41,0.085
13,1,9,80937,0.078,-0.25
13,1,9,80976,0.092,-0.085
13,1,9,81015,-0.044,-0.231
13,1,9,81054,-0.206,0.234
13,1,9,81093,-0.143,-0.43
13,1,9,81132,-0.153,-0.395
13,1,9,81171,0.562,-0.239
13,1,9,81210,0.225,-0.145
13,1,9,81249,0.385,0.194
13,1,9,81289,0.03,-0.485
13,1,9,81328,0.236,0.264
13,1,9,81367,0.216,-0.277
13,1,9,81406,0.107,0.33
13,1,9,81445,0.299,-0.287
13,1,9,81484,0.527,0.087
13,1,9,81523,0.758,0.386
13,1,9,81562,0.883,-0.416
13,1,9,81601,1.073,-0.366
13,1,9,81640,0.729,-0.241
13,1,9,81679,0.033,0.285
13,1,9,81718,-0.51,-0.168
13,1,9,81757,-0.503,-0.409
13,1,9,81796,-0.262,-0.098
13,1,9,81835,-0.381,-0.229
13,1,9,81874,-0.487,0.061
13,1,9,81914,-0.226,0.037
13,1,9,81953,0.167,-0.229
13,1,9,81992,0.388,-0.044
13,1,9,82031,-0.317,0.408
13,1,9,82070,-0.442,0.044
13,1,9,82109,-0.446,-0.21
13,1,9,82148,-0.096,-0.035
13,1,9,82187,0.095,-0.415
13,1,9,82226,0.299,-0.403
13,1,9,82265,0.355,-0.218
13,1,9,82304,0.404,-0.113
13,1,9,82343,0.234,-0.234
13,1,9,82382,0.194,0.055
13,1,9,82421,-0.041,0.151
13,1,9,82460,-0.244,0.192
13,1,9,82499,-0.024,-0.242
13,1,9,82539,0.139,0.07
13,1,9,82578,0.543,0.23
13,1,9,82617,0.42,0.299
13,1,9,82656,0.662,-0.073
13,1,9,82695,0.662,-0.32
13,1,9,82734,0.487,0.421
13,1,9,82773,0.29,-0.354
13,1,9,82812,-0.352,0.343
13,1,9,82851,0.19,-0.633
13,1,9,82890,-0.137,-0.367
13,1,9,82929,-0.501,0.734
13,1,9,82968,-0.113,-0.541
13,1,9,83007,0.028,0.486
13,1,9,83046,0.411,0.053
13,1,9,83085,0.404,0.002
13,1,9,83124,-0.027,0.508
13,1,9,83164,0.206,-0.327
13,1,9,83203,0.159,0.427
13,1,9,83242,-0.292,0.132
13,1,9,83281,-0.155,-0.791
13,1,9,83320,-0.16,0.137
13,1,9,83359,0.42,-0.266
13,1,9,83398,0.44,-0.362
13,1,9,83437,0.162,-0.186
13,1,9,83476,0.486,-0.062
13,1,9,83515,0.06,0.803
13,1,9,83554,0.02,-0.09
13,1,9,83593,-0.066,-0.065
13,1,9,83632,-0.402,0.866
13,1,9,83671,0.025,0.074
13,1,9,83710,-0.206,0.007
13,1,9,83749,0.474,-0.102
13,1,9,83789,0.202,0.038
13,1,9,83828,0.527,-0.014
13,1,9,83867,0.192,-0.136
13,1,9,83906,0.392,0.316
13,1,9,83945,0.436,-1.263
13,1,9,83984,0.416,-0.516
13,1,9,84023,0.144,0.148
13,1,9,84062,-0.077,-0.054
13,1,9,84101,-0.003,-0.014
13,1,9,84140,0.334,-0.278
13,1,9,84179,0.607,0.286
13,1,9,84218,0.435,0.058
13,1,9,84257,0.188,-0.097
13,1,9,84296,0.147,0.523
13,1,9,84335,0.136,0
13,1,9,84374,0.275,-0.108
13,1,9,84414,0.252,0.153
13,1,9,84453,0.105,0.249
13,1,9,84492,0.112,-0.355
13,1,9,84531,0.319,-0.673
13,1,9,84570,0.154,0.249
13,1,9,84609,-0.153,0.267
13,1,9,84648,-0.399,-0.355
13,1,9,84687,-0.605,-0.132
13,1,9,84726,-0.356,-0.088
13,1,9,84765,-0.656,0.111
13,1,9,84804,-0.641,0.47
13,1,9,84843,-0.808,0.31
13,1,9,84882,-0.189,-0.436
13,1,9,84921,-0.159,-0.218
13,1,9,84960,0.141,0.224
13,1,9,84999,-0.136,0.053
13,1,9,85039,0.201,-0.135
13,1,9,85078,0.159,-0.225
13,1,9,85117,0.265,0.227
13,1,9,85156,0.293,-0.663
13,1,9,85195,0.056,0.385
13,1,9,85234,0.216,-0.251
13,1,9,85273,-0.312,-0.469
13,1,9,85312,-0.098,-0.368
13,1,9,85351,0.134,-0.391
13,1,9,85390,0.034,0.147
13,1,9,85429,-0.048,-0.607
13,1,9,85468,-0.547,0.214
13,1,9,85507,-0.39,-0.169
13,1,9,85546,-0.351,-0.086
13,1,9,85585,-0.795,0.722
13,1,9,85624,-0.707,-0.278
13,1,9,85664,-0.708,-0.014
13,1,9,85703,0.062,-0.136
13,1,9,85742,0.148,-0.351
13,1,9,85781,0.471,-0.188
13,1,9,85820,0.447,-0.301
13,1,9,85859,0.352,0.504
13,1,9,85898,0.21,-0.774
13,1,9,85937,-0.133,0.201
13,1,9,85976,-0.178,0.488
13,1,9,86015,0.056,-0.848
13,1,9,86054,0.193,0.138
13,1,9,86093,0.278,-0.065
13,1,9,86132,0.736,-0.514
13,1,9,86171,0.484,-0.163
13,1,9,86210,0.747,0.015
13,1,9,86249,0.387,0.123
13,1,9,86289,0.132,0.211
13,1,9,86328,-0.093,0.084
13,1,9,86367,0.113,-0.227
13,1,9,86406,0.239,-0.488
13,1,9,86445,0.52,-0.22
13,1,9,86484,0.347,0.14
13,1,9,86523,0.783,-0.546
13,1,9,86562,0.817,-0.594
13,1,9,86601,0.596,0.3
13,1,9,86640,0.544,-0.359
13,1,9,86679,0.01,0.459
13,1,9,86718,0.087,-0.011
13,1,9,86757,-0.164,-0.115
13,1,9,86796,0.175,-0.03
13,1,9,86835,-0.024,-0.517
13,1,9,86874,-0.119,0.443
13,1,9,86914,0.11,-0.647
13,1,9,86953,-0.13,-0.155
13,1,9,86992,-0.286,-0.3
13,1,9,87031,-0.477,-0.07
13,1,9,87070,-0.615,0.27
13,1,9,87109,-0.417,-0.639
13,1,9,87148,-0.671,0.115
13,1,9,87187,-0.209,-0.465
13,1,9,87226,0.035,-0.094
13,1,9,87265,-0.041,0.539
13,1,9,87304,0.261,-0.532
13,1,9,87343,-0.011,0.149
13,1,9,87382,0.022,-0.11
13,1,9,87421,-0.027,-0.183
13,1,9,87460,-0.227,0.338
13,1,9,87499,-0.246,0.055
13,1,9,87539,-0.511,0.051
13,1,9,87578,-0.175,-0.585
13,1,9,87617,0.091,0.19
13,1,9,87656,0.148,0.346
13,1,9,87695,0.07,-0.422
13,1,9,87734,-0.131,-0.028
13,1,9,87773,-0.024,0.143
13,1,9,87812,-0.046,0.485
13,1,9,87851,0.101,0.084
13,1,9,87890,0.117,0.107
13,1,9,87929,0.235,-0.144
13,1,9,87968,0.011,-0.228
13,1,9,88007,0.133,0.005
13,1,9,88046,-0.076,-0.144
13,1,9,88085,0.177,-0.25
13,1,9,88124,-0.434,-0.176
13,1,9,88164,-0.422,0.171
13,1,9,88203,-0.195,-0.352
13,1,9,88242,-0.245,0.234
13,1,9,88281,-0.183,0.341
13,1,9,88320,-0.347,0.526
13,1,9,88359,0.279,-0.222
13,1,9,88398,0.79,-0.204
13,1,9,88437,0.328,1.004
13,1,9,88476,0.372,-0.184
13,1,9,88515,0.165,-0.026
13,1,9,88554,0.456,0.099
13,1,9,88593,0.03,-0.034
13,1,9,88632,-0.75,0.794
13,1,9,88671,-0.738,-0.377
13,1,9,88710,-0.567,0.108
13,1,9,88749,-0.172,-0.15
13,1,9,88789,-0.413,-0.295
13,1,9,88828,-0.355,0.485
13,1,9,88867,-0.321,0.057
13,1,9,88906,0.092,-0.051
13,1,9,88945,-0.401,0.003
13,1,9,88984,-0.142,0.284
13,1,9,89023,-0.279,0.196
13,1,9,89062,-0.373,0.429
13,1,9,89101,-0.13,-0.561
13,1,9,89140,0.112,-0.555
13,1,9,89179,0.31,0.258
13,1,9,89218,0.333,0.119
13,1,9,89257,0.128,-0.335
13,1,9,89296,0.163,-0.128
13,1,9,89335,0.149,0.109
13,1,9,89374,-0.372,0.287
13,1,9,89414,-0.415,-0.144
13,1,9,89453,-0.68,0.369
13,1,9,89492,-0.077,0.023
13,1,9,89531,0.058,-0.864
13,1,9,89570,-0.01,0.217
13,1,9,89609,0.269,-0.417
13,1,9,89648,0.127,-0.202
13,1,9,89687,0.097,-0.323
13,1,9,89726,0.038,-0.462
13,1,9,89765,-0.438,0.389
13,1,9,89804,-0.261,-0.069
13,1,9,89843,-0.09,-0.056
13,1,9,89882,0.499,-0.662
13,1,9,89921,0.606,-0.123
13,1,9,89960,0.458,0.469
13,1,9,89999,0.163,0.033
13,1,9,90039,0.122,-0.511
13,1,9,90078,0.032,-0.325
13,1,9,90117,0.119,0.282
13,1,9,90156,0.254,-0.051
13,1,9,90195,0.36,-0.097
13,1,9,90234,0.85,-0.499
13,1,9,90273,0.82,-0.104
13,1,9,90312,0.7,0.192
13,1,9,90351,0.525,0.15
13,1,9,90390,0.282,0.125
13,1,9,90429,-0.163,0.125
13,1,9,90468,-0.276,0.065
13,1,9,90507,0.169,-0.007
13,1,9,90546,0.435,-0.144
13,1,9,90585,0.866,-0.163
13,1,9,90624,0.439,0.082
13,1,9,90664,0.495,0.037
13,1,9,90703,0.66,-0.367
13,1,9,90742,0.23,0.681
13,1,9,90781,0.085,0.08
13,1,9,90820,-0.437,0.025
13,1,9,90859,0.092,0.354
13,1,9,90898,0.515,-0.332
13,1,9,90937,0.872,0.379
13,1,9,90976,1.164,-0.532
13,1,9,91015,1.196,0.198
13,1,9,91054,1.178,0.301
13,1,9,91093,0.746,-0.354
13,1,9,91132,0.547,0.005
13,1,9,91171,0.094,-0.013
13,1,9,91210,-0.295,0.276
13,1,9,91249,-0.557,-0.481
13,1,9,91289,-0.437,0.036
13,1,9,91328,-0.171,0.139
13,1,9,91367,-0.313,0.008
13,1,9,91406,-0.13,-0.149
13,1,9,91445,-0.058,-0.019
13,1,9,91484,0.114,0.29
13,1,9,91523,0.077,-0.035
13,1,9,91562,0.445,0.135
13,1,9,91601,0.651,0.153
13,1,9,91640,0.953,0.025
13,1,9,91679,0.923,-0.191
13,1,9,91718,0.718,0.225
13,1,9,91757,1.211,-0.367
13,1,9,91796,0.759,-0.143
13,1,9,91835,0.308,0.133
13,1,9,91874,0.079,-0.193
13,1,9,91914,0.265,-0.116
13,1,9,91953,0.784,-0.239
13,1,9,91992,0.356,0.218
13,1,9,92031,0.372,-0.408
13,1,9,92070,0.349,0.107
13,1,9,92109,0.153,0.53
13,1,9,92148,-0.031,-0.68
13,1,9,92187,-0.63,0.021
13,1,9,92226,-0.866,0.386
13,1,9,92265,-1.133,-0.172
13,1,9,92304,-1.242,-0.221
13,1,9,92343,-0.679,-0.566
13,1,9,92382,-0.323,0.063
13,1,9,92421,-0.294,-0.087
13,1,9,92460,-0.441,-0.327
13,1,9,92499,-0.026,-0.398
13,1,9,92539,0.208,-0.224
13,1,9,92578,0.244,0.222
13,1,9,92617,-0.436,0.239
13,1,9,92656,-0.201,0.12
13,1,9,92695,0.182,-0.157
13,1,9,92734,0.6,-0.006
13,1,9,92773,0.331,0.132
13,1,9,92812,0.403,-0.183
13,1,9,92851,0.489,-0.497
13,1,9,92890,0.285,0.221
13,1,9,92929,0.161,-0.171
13,1,9,92968,-0.159,-0.054
13,1,9,93007,-0.446,0.124
13,1,9,93046,-0.058,-0.629
13,1,9,93085,-0.305,0.041
13,1,9,93124,-0.052,0.316
13,1,9,93164,0.348,-0.347
13,1,9,93203,0.328,0.061
13,1,9,93242,0.711,-0.551
13,1,9,93281,0.382,-0.136
13,1,9,93320,0.14,0.489
13,1,9,93359,0.392,-0.47
13,1,9,93398,0.132,0.452
13,1,9,93437,0.175,-0.12
13,1,9,93476,0.034,-0.282
13,1,9,93515,-0.091,0.555
13,1,9,93554,0.29,-0.795
13,1,9,93593,0.163,-0.261
13,1,9,93632,0.131,0.201
13,1,9,93671,0.018,-0.078
13,1,9,93710,-0.26,-0.219
13,1,9,93749,0.059,-0.581
13,1,9,93789,0.14,-0.19
13,1,9,93828,-0.25,0.066
13,1,9,93867,-0.462,-0.176
13,1,9,93906,-0.572,-0.011
13,1,9,93945,-0.094,-0.277
13,1,9,93984,0.03,0.029
13,1,9,94023,-0.401,0.336
13,1,9,94062,-0.241,-0.082
13,1,9,94101,-0.306,0.609
13,1,9,94140,-0.188,-0.1
13,1,9,94179,0.025,-0.23
13,1,9,94218,-0.227,0.686
13,1,9,94257,-0.212,0.168
13,1,9,94296,-0.105,-0.194
13,1,9,94335,-0.165,-0.266
13,1,9,94374,0.114,-0.192
13,1,9,94414,-0.009,0.455
13,1,9,94453,-0.02,0.175
13,1,9,94492,-0.019,-0.314
13,1,9,94531,-0.16,0.072
13,1,9,94570,0.284,-0.156
13,1,9,94609,-0.172,0.555
13,1,9,94648,0.042,0.236
13,1,9,94687,0.018,-0.332
13,1,9,94726,0.312,-0.003
13,1,9,94765,0.121,0.049
13,1,9,94804,-0.139,0.363
13,1,9,94843,-0.057,-0.281
13,1,9,94882,-0.159,0.151
13,1,9,94921,-0.353,0.182
13,1,9,94960,-0.354,-0.098
13,1,9,94999,-0.53,0.13
13,1,9,95039,-0.191,-0.03
13,1,9,95078,-0.147,-0.303
13,1,9,95117,-0.208,0.196
13,1,9,95156,-0.308,0.281
13,1,9,95195,-0.08,-0.122
13,1,9,95234,-0.188,0.179
13,1,9,95273,-0.037,0.004
13,1,9,95312,-0.286,-0.013
13,1,9,95351,0.171,0.061
13,1,9,95390,0.467,-0.183
13,1,9,95429,0.274,-0.096
13,1,9,95468,0.708,-0.311
13,1,9,95507,0.593,0.075
13,1,9,95546,0.505,0.173
13,1,9,95585,0.317,-0.177
13,1,9,95624,0.034,0.001
13,1,9,95664,-0.057,0.24
13,1,9,95703,-0.037,0.065
13,1,9,95742,-0.358,0.054
13,1,9,95781,-0.157,-0.384
13,1,9,95820,-0.335,0.215
13,1,9,95859,-0.36,0.329
13,1,9,95898,-0.476,-0.23
13,1,9,95937,-0.719,0.574
13,1,9,95976,-0.253,-0.506
13,1,9,96015,-0.559,0.367
13,1,9,96054,-0.615,0.721
13,1,9,96093,-0.647,0.021
13,1,9,96132,-0.382,0.158
13,1,9,96171,-0.061,-0.494
13,1,9,96210,-0.29,0.544
13,1,9,96249,-0.455,0.352
13,1,9,96289,-0.42,0.009
13,1,9,96328,-0.214,-0.151
13,1,9,96367,-0.354,-0.06
13,1,9,96406,-0.374,0.292
13,1,9,96445,-0.515,0.197
13,1,9,96484,-0.085,-0.59
13,1,9,96523,-0.007,0.094
13,1,9,96562,0.014,-0.37
13,1,9,96601,0.034,-0.473
13,1,9,96640,-0.441,1.075
13,1,9,96679,-0.179,-0.354
13,1,9,96718,-0.803,0.111
13,1,9,96757,-0.795,0.089
13,1,9,96796,-0.671,-0.386
13,1,9,96835,-0.514,0.41
13,1,9,96874,-0.033,-1.148
13,1,9,96914,-0.274,0.127
13,1,9,96953,-0.144,0.161
13,1,9,96992,-0.097,-0.631
13,1,9,97031,-0.278,0.63
13,1,9,97070,-0.315,-0.321
13,1,9,97109,-0.36,-0.378
13,1,9,97148,-0.498,0.321
13,1,9,97187,-0.137,0.026
13,1,9,97226,0.236,-0.364
13,1,9,97265,0.279,-0.158
13,1,9,97304,0.645,-0.219
13,1,9,97343,-0.103,0.559
13,1,9,97382,0.191,-0.456
13,1,9,97421,0.244,-0.806
13,1,9,97460,-0.201,0.953
13,1,9,97499,-0.337,-0.158
13,1,9,97539,-0.413,-0.392
13,1,9,97578,0.031,-0.488
13,1,9,97617,-0.015,-0.067
13,1,9,97656,-0.019,-0.175
13,1,9,97695,-0.32,-0.37
13,1,9,97734,-0.436,0.549
13,1,9,97773,-0.008,-0.742
13,1,9,97812,-0.111,-0.092
13,1,9,97851,-0.57,1.311
13,1,9,97890,-0.229,-0.669
13,1,9,97929,0.261,-0.67
13,1,9,97968,0.174,0.453
13,1,9,98007,0.166,0.254
13,1,9,98046,-0.088,-0.184
13,1,9,98085,0.419,-0.649
13,1,9,98124,0.603,-0.156
13,1,9,98164,0.401,-0.143
13,1,9,98203,0.537,-0.248
13,1,9,98242,0.12,0.679
13,1,9,98281,0.409,-0.268
13,1,9,98320,0.232,-0.644
13,1,9,98359,0.066,0.629
13,1,9,98398,0.04,0.542
13,1,9,98437,-0.168,0.131
13,1,9,98476,-0.294,-0.487
13,1,9,98515,-0.007,-0.555
13,1,9,98554,-0.292,0.505
13,1,9,98593,-0.03,-0.649
13,1,9,98632,-0.272,0.01
13,1,9,98671,-0.251,0.056
13,1,9,98710,0.075,-0.727
13,1,9,98749,0.361,0.245
13,1,9,98789,0.565,0.035
13,1,9,98828,0.116,0.325
13,1,9,98867,-0.429,0.12
13,1,9,98906,-0.235,-0.283
13,1,9,98945,-0.086,-0.297
13,1,9,98984,0.099,0.032
13,1,9,99023,0.276,-0.127
13,1,9,99062,0.053,0.187
13,1,9,99101,0.692,-0.653
13,1,9,99140,0.926,-0.401
13,1,9,99179,1.089,0.534
13,1,9,99218,0.899,-0.38
13,1,9,99257,0.495,0.391
13,1,9,99296,0.853,-0.796
13,1,9,99335,0.55,0.092
13,1,9,99374,0.368,0.419
13,1,9,99414,0.266,-0.68
13,1,9,99453,0.39,0.26
13,1,9,99492,0.221,-0.31
13,1,9,99531,0.383,-0.279
13,1,9,99570,0.094,-0.083
13,1,9,99609,0.48,0.222
13,1,9,99648,-0.104,0.048
13,1,9,99687,-0.111,-0.497
13,1,9,99726,-0.089,-0.295
13,1,9,99765,-0.236,0.701
13,1,9,99804,-0.036,-0.439
13,1,9,99843,-0.567,0.297
13,1,9,99882,-0.075,-0.041
13,1,9,99921,-0.25,-0.672
13,1,9,99960,-0.277,0.395
13,1,9,99999,-0.216,-0.321
13,1,9,1.0004e+005,-0.442,0.56
13,1,9,1.0008e+005,-0.361,-0.426
13,1,9,1.0012e+005,-0.529,0.334
13,1,9,1.0016e+005,-0.504,0.818
13,1,9,1.002e+005,-0.142,-0.824
13,1,9,1.0023e+005,-0.15,0.609
13,1,9,1.0027e+005,0.052,0.35
13,1,9,1.0031e+005,0.073,-0.326
13,1,9,1.0035e+005,0.125,-0.224
13,1,9,1.0039e+005,-0.063,0.04
13,1,9,1.0043e+005,-0.277,0.539
13,1,9,1.0047e+005,-0.531,-0.425
13,1,9,1.0051e+005,-0.54,0.064
13,1,9,1.0055e+005,-0.253,0.219
13,1,9,1.0058e+005,-0.096,-0.103
13,1,9,1.0062e+005,0.118,-0.101
13,1,9,1.0066e+005,0.418,-0.121
13,1,9,1.007e+005,0.228,0.351
13,1,9,1.0074e+005,0.165,-0.327
13,1,9,1.0078e+005,0.348,0.058
13,1,9,1.0082e+005,-0.027,0.52
13,1,9,1.0086e+005,0.276,-0.78
13,1,9,1.009e+005,-0.061,0.04
13,1,9,1.0094e+005,0.331,0.503
13,1,9,1.0098e+005,0.705,-0.56
13,1,9,1.0102e+005,0.759,0.104
13,1,9,1.0105e+005,0.849,0.086
13,1,9,1.0109e+005,0.822,-0.137
13,1,9,1.0113e+005,0.59,-0.282
13,1,9,1.0117e+005,0.413,0.162
13,1,9,1.0121e+005,-0.073,0.555
13,1,9,1.0125e+005,-0.166,-0.47
13,1,9,1.0129e+005,-0.067,-0.104
13,1,9,1.0133e+005,-0.033,0.538
13,1,9,1.0137e+005,0.166,-0.397
13,1,9,1.0141e+005,0.147,-0.128
13,1,9,1.0144e+005,0.497,0.097
13,1,9,1.0148e+005,0.327,0.193
13,1,9,1.0152e+005,0.255,-0.324
13,1,9,1.0156e+005,0.254,-0.437
13,1,9,1.016e+005,0.182,0.558
13,1,9,1.0164e+005,0.012,-0.15
13,1,9,1.0168e+005,0.208,-0.319
13,1,9,1.0172e+005,0.187,0.189
13,1,9,1.0176e+005,0.181,0.259
13,1,9,1.018e+005,0.129,-0.073
13,1,9,1.0184e+005,0.162,0.089
13,1,9,1.0187e+005,0.331,0.216
13,1,9,1.0191e+005,0.583,-0.301
13,1,9,1.0195e+005,0.206,-0.233
13,1,9,1.0199e+005,0.322,0.105
13,1,9,1.0203e+005,0.409,-0.277
13,1,9,1.0207e+005,0.303,-0.048
13,1,9,1.0211e+005,0.14,-0.251
13,1,9,1.0215e+005,0.209,-0.338
13,1,9,1.0219e+005,0.34,-0.159
13,1,9,1.0223e+005,0.31,-0.175
13,1,9,1.0226e+005,0.044,0.174
13,1,9,1.023e+005,-0.08,-0.027
13,1,9,1.0234e+005,0.532,-0.446
13,1,9,1.0238e+005,0.307,0.292
13,1,9,1.0242e+005,0.463,0.652
13,1,9,1.0246e+005,0.194,-0.574
13,1,9,1.025e+005,0.395,0.413
13,1,9,1.0254e+005,0.425,0.037
13,1,9,1.0258e+005,0.34,-0.082
13,1,9,1.0262e+005,0.309,0.216
13,1,9,1.0266e+005,-0,-0.19
13,1,9,1.027e+005,0.032,-0.285
13,1,9,1.0273e+005,-0.224,-0.396
13,1,9,1.0277e+005,-0.381,0.163
13,1,9,1.0281e+005,-0.723,0.069
13,1,9,1.0285e+005,-0.657,-0.139
13,1,9,1.0289e+005,-0.618,-0.236
13,1,9,1.0293e+005,-0.551,-0.025
13,1,9,1.0297e+005,-0.545,0.475
13,1,9,1.0301e+005,-0.547,0.125
13,1,9,1.0305e+005,-0.37,-0.206
13,1,9,1.0308e+005,-0.343,-0.072
13,1,9,1.0312e+005,-0.427,0.365
13,1,9,1.0316e+005,-0.301,-0.029
13,1,9,1.032e+005,-0.202,0.011
13,1,9,1.0324e+005,0.165,-0.259
13,1,9,1.0328e+005,0.197,-0.484
13,1,9,1.0332e+005,-0.014,0.325
13,1,9,1.0336e+005,-0.14,0.041
13,1,9,1.034e+005,-0.19,0.042
13,1,9,1.0344e+005,-0.48,0.25
13,1,9,1.0348e+005,-0.592,0.306
13,1,9,1.0352e+005,-0.925,0.067
13,1,9,1.0355e+005,-0.426,0.105
13,1,9,1.0359e+005,0.013,0.311
13,1,9,1.0363e+005,-0.021,-0.143
13,1,9,1.0367e+005,0.293,-0.086
13,1,9,1.0371e+005,0.02,0.455
13,1,9,1.0375e+005,0.368,-0.562
13,1,9,1.0379e+005,0.355,-0.777
13,1,9,1.0383e+005,-0.131,0.432
13,1,9,1.0387e+005,-0.228,0.03
13,1,9,1.0391e+005,-0.285,-0.191
13,1,9,1.0394e+005,0.069,-0.2
13,1,9,1.0398e+005,0.53,0.036
13,1,9,1.0402e+005,0.328,0.029
13,1,9,1.0406e+005,0.381,0.197
13,1,9,1.041e+005,0.324,0.323
13,1,9,1.0414e+005,0.559,-0.468
13,1,9,1.0418e+005,0.354,-0.272
13,1,9,1.0422e+005,0.149,0.301
13,1,9,1.0426e+005,-0.015,0.192
13,1,9,1.043e+005,0.06,-0.253
13,1,9,1.0434e+005,0.495,-0.473
13,1,9,1.0437e+005,0.603,-0.223
13,1,9,1.0441e+005,0.823,-0.412
13,1,9,1.0445e+005,0.416,0.149
13,1,9,1.0449e+005,0.619,-0.237
13,1,9,1.0453e+005,0.56,-0.613
13,1,9,1.0457e+005,0.339,0.288
13,1,9,1.0461e+005,-0.078,0.197
13,1,9,1.0465e+005,-0.055,-0.175
13,1,9,1.0469e+005,-0.027,-0.063
13,1,9,1.0473e+005,0.163,0.054
13,1,9,1.0476e+005,-0.345,0.077
13,1,9,1.048e+005,0.067,0.127
13,1,9,1.0484e+005,-0.401,0.619
13,1,9,1.0488e+005,-0.027,-0.518
13,1,9,1.0492e+005,-0.063,-0.785
13,1,9,1.0496e+005,-0.406,1.079
13,1,9,1.05e+005,0.114,-0.467
13,1,9,1.0504e+005,-0.402,0.195
13,1,9,1.0508e+005,0.347,-0.692
13,1,9,1.0512e+005,0.246,-0.361
13,1,9,1.0516e+005,-0.209,1.066
13,1,9,1.052e+005,-0.32,-0.673
13,1,9,1.0523e+005,-0.432,0.402
13,1,9,1.0527e+005,-0.441,-0.194
13,1,9,1.0531e+005,-0.17,-0.424
13,1,9,1.0535e+005,-0.729,0.749
13,1,9,1.0539e+005,-0.19,0.161
13,1,9,1.0543e+005,-0.17,-0.311
13,1,9,1.0547e+005,-0.262,0.184
13,1,9,1.0551e+005,0.073,-0.006
13,1,9,1.0555e+005,-0.333,0.534
13,1,9,1.0558e+005,-0.177,-0.25
13,1,9,1.0562e+005,0.007,-0.512
13,1,9,1.0566e+005,-0.155,0.559
13,1,9,1.057e+005,-0.09,-0.096
13,1,9,1.0574e+005,-0.51,0.536
13,1,9,1.0578e+005,-0.284,-0.245
13,1,9,1.0582e+005,-0.34,-0.422
13,1,9,1.0586e+005,-0.444,0.606
13,1,9,1.059e+005,-0.956,0.04
13,1,9,1.0594e+005,-0.551,0.079
13,1,9,1.0598e+005,-0.141,-0.222
13,1,9,1.0602e+005,-0.381,0.477
13,1,9,1.0605e+005,-0.125,-0.314
13,1,9,1.0609e+005,-0.292,-0.147
13,1,9,1.0613e+005,0.359,0.067
13,1,9,1.0617e+005,0.14,-0.299
13,1,9,1.0621e+005,0.004,0.8
13,1,9,1.0625e+005,-0.182,-0.335
13,1,9,1.0629e+005,-0.216,-0.044
13,1,9,1.0633e+005,0.047,-0.312
13,1,9,1.0637e+005,-0.117,-0.006
13,1,9,1.0641e+005,0.04,0.549
13,1,9,1.0644e+005,-0.07,0.195
13,1,9,1.0648e+005,0.911,-0.151
13,1,9,1.0652e+005,0.519,-0.69
13,1,9,1.0656e+005,0.646,0.317
13,1,9,1.066e+005,0.253,0.153
13,1,9,1.0664e+005,0.232,0.313
13,1,9,1.0668e+005,0.198,-0.242
13,1,9,1.0672e+005,0.05,-0.122
13,1,9,1.0676e+005,0.361,0.119
13,1,9,1.068e+005,0.159,0.039
13,1,9,1.0684e+005,0.198,0.279
13,1,9,1.0687e+005,0.505,-0.466
13,1,9,1.0691e+005,0.226,0.468
13,1,9,1.0695e+005,0.669,0.36
13,1,9,1.0699e+005,0.73,-0.664
13,1,9,1.0703e+005,0.899,0.104
13,1,9,1.0707e+005,1.139,-0.158
13,1,9,1.0711e+005,1.259,-0.276
13,1,9,1.0715e+005,0.99,0.028
13,1,9,1.0719e+005,1.199,0.183
13,1,9,1.0723e+005,0.816,-0.053
13,1,9,1.0726e+005,0.574,0.03
13,1,9,1.073e+005,0.34,-0.165
13,1,9,1.0734e+005,-0.032,0.249
13,1,9,1.0738e+005,0.319,-0.203
13,1,9,1.0742e+005,-0.17,0.222
13,1,9,1.0746e+005,-0.062,0.473
13,1,9,1.075e+005,-0.025,-0.539
13,1,9,1.0754e+005,-0.113,0.417
13,1,9,1.0758e+005,-0.519,0.223
13,1,9,1.0762e+005,-0.771,-0.001
13,1,9,1.0766e+005,-1.071,0.07
13,1,9,1.077e+005,-0.569,-0.515
13,1,9,1.0773e+005,-0.637,0.442
13,1,9,1.0777e+005,-0.273,-0.054
13,1,9,1.0781e+005,0.103,-0.459
13,1,9,1.0785e+005,0.398,0.426
13,1,9,1.0789e+005,0.586,-0.074
13,1,9,1.0793e+005,0.246,0.242
13,1,9,1.0797e+005,-0.078,0.142
13,1,9,1.0801e+005,-0.23,-0.011
13,1,9,1.0805e+005,-0.7,0.39
13,1,9,1.0808e+005,-0.578,-0.06
13,1,9,1.0812e+005,-0.412,-0.325
13,1,9,1.0816e+005,0.022,0.128
13,1,9,1.082e+005,0.034,-0.305
13,1,9,1.0824e+005,0.062,-0.093
13,1,9,1.0828e+005,-0.251,0.222
13,1,9,1.0832e+005,-0.239,0.016
13,1,9,1.0836e+005,-0.585,-0.105
13,1,9,1.084e+005,-0.718,-0.104
13,1,9,1.0844e+005,-0.376,0.015
13,1,9,1.0848e+005,-0.513,0.058
13,1,9,1.0852e+005,0.029,-0.47
13,1,9,1.0855e+005,0.186,-0.247
13,1,9,1.0859e+005,0.253,0.107
13,1,9,1.0863e+005,0.418,-0.461
13,1,9,1.0867e+005,-0.229,0.807
13,1,9,1.0871e+005,-0.225,0.063
13,1,9,1.0875e+005,-0.009,-0.473
13,1,9,1.0879e+005,-0.324,0.596
13,1,9,1.0883e+005,0.069,-0.145
13,1,9,1.0887e+005,-0.302,0.257
13,1,9,1.0891e+005,0.215,-0.102
13,1,9,1.0894e+005,0.389,-0.371
13,1,9,1.0898e+005,-0.065,0.041
13,1,9,1.0902e+005,-0.095,-0.205
13,1,9,1.0906e+005,-0.525,0.055
13,1,9,1.091e+005,-0.509,-0.204
13,1,9,1.0914e+005,-0.437,-0.019
13,1,9,1.0918e+005,-0.777,0.199
13,1,9,1.0922e+005,-0.494,-0.211
13,1,9,1.0926e+005,-0.366,-0.119
13,1,9,1.093e+005,-0.247,0.202
13,1,9,1.0934e+005,-0.055,-0.436
13,1,9,1.0937e+005,-0.168,0.094
13,1,9,1.0941e+005,-0.103,0.032
13,1,9,1.0945e+005,-0.32,-0.005
13,1,9,1.0949e+005,-0.54,0.191
13,1,9,1.0953e+005,-0.236,-0.355
13,1,9,1.0957e+005,-0.349,0.481
13,1,9,1.0961e+005,-0.281,-0.077
13,1,9,1.0965e+005,-0.212,-0.01
13,1,9,1.0969e+005,-0.004,-0.058
13,1,9,1.0973e+005,0.217,-0.676
13,1,9,1.0976e+005,0.043,0.496
13,1,9,1.098e+005,0.122,-0.15
13,1,9,1.0984e+005,0.167,-0.339
13,1,9,1.0988e+005,0.254,0.009
13,1,9,1.0992e+005,0.286,-0.33
13,1,9,1.0996e+005,0.309,-0.245
13,1,9,1.1e+005,0.315,-0.047
13,1,9,1.1004e+005,0.391,-0.175
13,1,9,1.1008e+005,0.054,0.22
13,1,9,1.1012e+005,0.105,-0.293
13,1,9,1.1016e+005,0.121,-0.142
13,1,9,1.102e+005,0.394,-0.03
13,1,9,1.1023e+005,0.06,0.109
13,1,9,1.1027e+005,0.314,0.045
13,1,9,1.1031e+005,0.267,-0.506
13,1,9,1.1035e+005,0.391,0.103
13,1,9,1.1039e+005,0.279,-0.556
13,1,9,1.1043e+005,-0.135,0.082
13,1,9,1.1047e+005,-0.193,-0.062
13,1,9,1.1051e+005,-0.221,-0.382
13,1,9,1.1055e+005,-0.401,0.21
13,1,9,1.1058e+005,-0.22,-0.343
13,1,9,1.1062e+005,-0.195,0.206
13,1,9,1.1066e+005,0.041,0.675
13,1,9,1.107e+005,0.365,-0.536
13,1,9,1.1074e+005,0.307,0.409
13,1,9,1.1078e+005,0.111,0.315
13,1,9,1.1082e+005,0.259,-0.483
13,1,9,1.1086e+005,0.185,-0.216
13,1,9,1.109e+005,0.077,0.027
13,1,9,1.1094e+005,-0.103,-0.059
13,1,9,1.1098e+005,-0.33,-0.388
13,1,9,1.1102e+005,-0.093,0.063
13,1,9,1.1105e+005,-0.189,0.371
13,1,9,1.1109e+005,-0.221,-0.081
13,1,9,1.1113e+005,-0.478,-0.009
13,1,9,1.1117e+005,-0.391,0.811
13,1,9,1.1121e+005,-0.44,-0.231
13,1,9,1.1125e+005,-0.302,-0.438
13,1,9,1.1129e+005,-0.474,0.496
13,1,9,1.1133e+005,-0.538,0.445
13,1,9,1.1137e+005,-0.492,-0.647
13,1,9,1.1141e+005,-0.455,-0.285
13,1,9,1.1144e+005,-0.125,0.484
13,1,9,1.1148e+005,0.031,-0.354
13,1,9,1.1152e+005,0.045,0.122
13,1,9,1.1156e+005,-0.199,0.408
13,1,9,1.116e+005,0.275,-0.349
13,1,9,1.1164e+005,0.269,-0.549
13,1,9,1.1168e+005,0.087,0.663
13,1,9,1.1172e+005,-0.107,0.314
13,1,9,1.1176e+005,-0.593,0.219
13,1,9,1.118e+005,0.067,-0.281
13,1,9,1.1184e+005,0.03,0.111
13,1,9,1.1187e+005,0.096,0.407
13,1,9,1.1191e+005,-0.212,-0.479
13,1,9,1.1195e+005,-0.492,0.707
13,1,9,1.1199e+005,-0.404,-0.751
13,1,9,1.1203e+005,-0.335,-0.665
13,1,9,1.1207e+005,-0.63,0.657
13,1,9,1.1211e+005,-0.928,-0.105
13,1,9,1.1215e+005,-0.966,-0.295
13,1,9,1.1219e+005,-0.582,-0.77
13,1,9,1.1223e+005,-0.102,0.43
13,1,9,1.1226e+005,-0.203,0.531
13,1,9,1.123e+005,-0.015,-0.402
13,1,9,1.1234e+005,0.114,-0.084
13,1,9,1.1238e+005,0.121,-0.147
13,1,9,1.1242e+005,0.303,-0.15
13,1,9,1.1246e+005,-0.243,0.609
13,1,9,1.125e+005,0.029,0.223
13,1,9,1.1254e+005,0.059,-0.604
13,1,9,1.1258e+005,0.097,-0.382
13,1,9,1.1262e+005,0.145,0.072
13,1,9,1.1266e+005,0.376,-0.001
13,1,9,1.127e+005,0.152,-0.305
13,1,9,1.1273e+005,0.071,-0.39
13,1,9,1.1277e+005,-0.497,-0.087
13,1,9,1.1281e+005,-0.188,-0.226
13,1,9,1.1285e+005,-0.369,0.099
13,1,9,1.1289e+005,-0.143,0.378
13,1,9,1.1293e+005,-0.382,-0.481
13,1,9,1.1297e+005,-0.282,-0.037
13,1,9,1.1301e+005,0.331,-0.371
13,1,9,1.1305e+005,0.094,0.904
13,1,9,1.1308e+005,0.159,-0.187
13,1,9,1.1312e+005,-0.406,-0.553
13,1,9,1.1316e+005,-0.188,0.327
13,1,9,1.132e+005,-0.262,-0.238
13,1,9,1.1324e+005,-0.415,0.531
13,1,9,1.1328e+005,-0.419,-0.464
13,1,9,1.1332e+005,-0.123,0.21
13,1,9,1.1336e+005,0.132,-0.206
13,1,9,1.134e+005,0.266,-0.562
13,1,9,1.1344e+005,0.279,0.321
13,1,9,1.1348e+005,0.081,0.245
13,1,9,1.1352e+005,0.096,-0.095
13,1,9,1.1355e+005,-0.244,-0.28
13,1,9,1.1359e+005,-0.002,0.219
13,1,9,1.1363e+005,0.002,-0.029
13,1,9,1.1367e+005,-0.412,0.086
13,1,9,1.1371e+005,-0.119,-0.457
13,1,9,1.1375e+005,-0.438,-0.025
13,1,9,1.1379e+005,0.03,0.235
13,1,9,1.1383e+005,-0.164,-0.204
13,1,9,1.1387e+005,-0.013,0.337
13,1,9,1.1391e+005,-0.1,-0.364
13,1,9,1.1394e+005,-0.023,-0.134
13,1,9,1.1398e+005,-0.041,-0.014
13,1,9,1.1402e+005,-0.364,0.458
13,1,9,1.1406e+005,-0.527,0.521
13,1,9,1.141e+005,-0.759,-0.489
13,1,9,1.1414e+005,-0.612,0.099
13,1,9,1.1418e+005,-0.782,0.34
13,1,9,1.1422e+005,-0.213,-0.14
13,1,9,1.1426e+005,0.148,-0.235
13,1,9,1.143e+005,0.423,0.074
13,1,9,1.1434e+005,0.247,-0.147
13,1,9,1.1437e+005,-0.212,0.117
13,1,9,1.1441e+005,-0.26,0.041
13,1,9,1.1445e+005,-0.499,0.038
13,1,9,1.1449e+005,-0.575,0.144
13,1,9,1.1453e+005,-0.707,-0.059
13,1,9,1.1457e+005,-0.148,-0.118
13,1,9,1.1461e+005,0.301,-0.093
13,1,9,1.1465e+005,0.785,-0.304
13,1,9,1.1469e+005,0.351,0.2
13,1,9,1.1473e+005,0.539,0.145
13,1,9,1.1476e+005,0.25,-0.193
13,1,9,1.148e+005,0.232,-0.116
13,1,9,1.1484e+005,-0.098,-0.163
13,1,9,1.1488e+005,-0.203,0.382
13,1,9,1.1492e+005,-0.24,-0.064
13,1,9,1.1496e+005,0.099,-0.252
13,1,9,1.15e+005,-0.231,0.142
13,1,9,1.1504e+005,-0.232,0.138
13,1,9,1.1508e+005,-0.217,-0.543
13,1,9,1.1512e+005,-0.594,0.479
13,1,9,1.1516e+005,-0.15,-0.736
13,1,9,1.152e+005,-0.123,-0.205
13,1,9,1.1523e+005,0.301,0.526
13,1,9,1.1527e+005,0.068,0.073
13,1,9,1.1531e+005,0.181,-0.182
13,1,9,1.1535e+005,0.799,-0.929
13,1,9,1.1539e+005,0.911,0.699
13,1,9,1.1543e+005,0.192,0.403
13,1,9,1.1547e+005,0.125,-0.489
13,1,9,1.1551e+005,0.155,-0.171
13,1,9,1.1555e+005,0.696,-0.115
13,1,9,1.1558e+005,0.447,-0.294
13,1,9,1.1562e+005,0.159,0.52
13,1,9,1.1566e+005,0.201,0.155
13,1,9,1.157e+005,1.001,-0.946
13,1,9,1.1574e+005,1.317,-0.681
13,1,9,1.1578e+005,0.77,0.675
13,1,9,1.1582e+005,0.121,0.186
13,1,9,1.1586e+005,0.416,-0.76
13,1,9,1.159e+005,0.385,0.101
13,1,9,1.1594e+005,0.512,-0.245
13,1,9,1.1598e+005,-0.222,0.247
13,1,9,1.1602e+005,-0.348,0.57
13,1,9,1.1605e+005,0.511,-0.966
13,1,9,1.1609e+005,0.497,-0.072
13,1,9,1.1613e+005,0.717,-0.007
13,1,9,1.1617e+005,0.4,0.317
13,1,9,1.1621e+005,0.666,0.009
13,1,9,1.1625e+005,0.81,-0.828
13,1,9,1.1629e+005,0.472,0.428
13,1,9,1.1633e+005,0.153,-0.059
13,1,9,1.1637e+005,0.217,0.053
13,1,9,1.1641e+005,-0.099,0.424
13,1,9,1.1644e+005,-0.196,-0.256
13,1,9,1.1648e+005,0.113,-0.538
13,1,9,1.1652e+005,-0.013,0.07
13,1,9,1.1656e+005,0.328,0.116
13,1,9,1.166e+005,0.12,-0.644
13,1,9,1.1664e+005,0.244,-0.167
13,1,9,1.1668e+005,0.246,0.029
13,1,9,1.1672e+005,0.001,0.537
13,1,9,1.1676e+005,0.315,-0.464
13,1,9,1.168e+005,-0.032,0.245
13,1,9,1.1684e+005,0.189,0.399
13,1,9,1.1687e+005,0.313,-1.35
13,1,9,1.1691e+005,0.288,0.388
13,1,9,1.1695e+005,0.211,0.018
13,1,9,1.1699e+005,0.172,-0.558
13,1,9,1.1703e+005,-0.104,0.23
13,1,9,1.1707e+005,0.302,-0.261
13,1,9,1.1711e+005,-0.023,0.482
13,1,9,1.1715e+005,-0.163,-0.329
13,1,9,1.1719e+005,0.053,-0.229
13,1,9,1.1723e+005,-0.287,0.634
13,1,9,1.1726e+005,-0.251,-0.534
13,1,9,1.173e+005,-0.206,-0.236
13,1,9,1.1734e+005,-0.019,-0.152
13,1,9,1.1738e+005,-0.03,-0.357
13,1,9,1.1742e+005,-0.213,-0.343
13,1,9,1.1746e+005,-0.006,0.024
13,1,9,1.175e+005,0.151,-0.152
13,1,9,1.1754e+005,0.164,-0.09
13,1,9,1.1758e+005,0.223,0.188
13,1,9,1.1762e+005,0.19,0.082
13,1,9,1.1766e+005,0.21,0.168
13,1,9,1.177e+005,0.344,0.076
13,1,9,1.1773e+005,0.163,0.345
13,1,9,1.1777e+005,0.309,-0.452
13,1,9,1.1781e+005,0.206,0.131
13,1,9,1.1785e+005,0.045,0.511
13,1,9,1.1789e+005,-0.044,-0.329
13,1,9,1.1793e+005,0.086,-0.178
13,1,9,1.1797e+005,0.106,0.209
13,1,9,1.1801e+005,0.193,0.05
13,1,9,1.1805e+005,-0.182,-0.114
13,1,9,1.1808e+005,-0.013,0.006
13,1,9,1.1812e+005,0.274,-0.729
13,1,9,1.1816e+005,0.206,-0.207
13,1,9,1.182e+005,0.079,0.092
13,1,9,1.1824e+005,-0.1,0.086
13,1,9,1.1828e+005,-0.058,-0.141
13,1,9,1.1832e+005,0.323,-0.147
13,1,9,1.1836e+005,0.18,0.357
13,1,9,1.184e+005,-0.155,0.159
13,1,9,1.1844e+005,0.191,-0.178
13,1,9,1.1848e+005,-0.1,0.012
13,1,9,1.1852e+005,-0.085,0.22
13,1,9,1.1855e+005,-0.226,-0.393
13,1,9,1.1859e+005,-0.273,-0.253
13,1,9,1.1863e+005,0.152,-0.371
13,1,9,1.1867e+005,0.337,-0.467
13,1,9,1.1871e+005,0.615,-0.26
13,1,9,1.1875e+005,0.928,-0.439
13,1,9,1.1879e+005,0.613,0.428
13,1,9,1.1883e+005,0.653,-0.336
13,1,9,1.1887e+005,0.111,-0.14
13,1,9,1.1891e+005,0.102,0.155
13,1,9,1.1894e+005,-0.452,0.008
13,1,9,1.1898e+005,-0.228,0.272
13,1,9,1.1902e+005,-0.423,-0.402
13,1,9,1.1906e+005,-0.189,0.174
13,1,9,1.191e+005,-0.112,-0.286
13,1,9,1.1914e+005,0.173,-0.114
13,1,9,1.1918e+005,-0.125,0.459
13,1,9,1.1922e+005,-0.284,-0.244
13,1,9,1.1926e+005,-0.515,-0.347
13,1,9,1.193e+005,-0.298,-0.251
13,1,9,1.1934e+005,-0.507,0.18
13,1,9,1.1937e+005,-0.347,-0.283
13,1,9,1.1941e+005,-0.556,-0.364
13,1,9,1.1945e+005,-0.125,0.49
13,1,9,1.1949e+005,-0.29,0.032
13,1,9,1.1953e+005,-0.11,-0.41
13,1,9,1.1957e+005,-0.377,0.073
13,1,9,1.1961e+005,-0.127,0.281
13,1,9,1.1965e+005,-0.481,-0.222
13,1,9,1.1969e+005,-0.433,-0.332
13,1,9,1.1973e+005,-0.386,-0.246
13,1,9,1.1976e+005,-0.48,0.131
13,1,9,1.198e+005,-0.393,-0.416
13,1,9,1.1984e+005,-0.413,0.145
13,1,9,1.1988e+005,-0.332,0.58
13,1,9,1.1992e+005,-0.338,-0.219
13,1,9,1.1996e+005,-0.159,-0.243
13,1,9,1.2e+005,-0.086,0.317
13,1,9,1.2004e+005,0.063,-0.004
13,1,9,1.2008e+005,0.011,-0.291
13,1,9,1.2012e+005,-0.059,-0.036
13,1,9,1.2016e+005,-0.372,0.125
13,1,9,1.202e+005,-0.63,-0.014
13,1,9,1.2023e+005,-0.029,-1.058
13,1,9,1.2027e+005,-0.754,0.5
13,1,9,1.2031e+005,-0.806,0.363
13,1,9,1.2035e+005,-1.045,-0.541
13,1,9,1.2039e+005,-0.564,0.324
13,1,9,1.2043e+005,-0.047,-0.072
13,1,9,1.2047e+005,-0.194,-0.253
13,1,9,1.2051e+005,-0.391,-0.027
13,1,9,1.2055e+005,-0.509,0.501
13,1,9,1.2058e+005,-0.365,0.136
13,1,9,1.2062e+005,-0.321,-0.225
13,1,9,1.2066e+005,-0.362,-0.223
13,1,9,1.207e+005,-0.309,0.136
13,1,9,1.2074e+005,-0.149,0.029
13,1,9,1.2078e+005,-0.006,-0.337
13,1,9,1.2082e+005,0.029,-0.126
13,1,9,1.2086e+005,0.158,-0.218
13,1,9,1.209e+005,-0.224,0.147
13,1,9,1.2094e+005,-0.034,0.127
13,1,9,1.2098e+005,-0.424,0.167
13,1,9,1.2102e+005,-0.154,0.063
13,1,9,1.2105e+005,0.064,-0.148
13,1,9,1.2109e+005,0.222,-0.146
13,1,9,1.2113e+005,0.448,-0.228
13,1,9,1.2117e+005,0.193,0.03
13,1,9,1.2121e+005,0.188,-0.221
13,1,9,1.2125e+005,0.305,-0.206
13,1,9,1.2129e+005,0.401,-0.068
13,1,9,1.2133e+005,0.167,0.48
13,1,9,1.2137e+005,-0.009,0.01
13,1,9,1.2141e+005,0.306,-0.455
13,1,9,1.2144e+005,0.686,0.165
13,1,9,1.2148e+005,0.485,0.755
13,1,9,1.2152e+005,0.613,-0.202
13,1,9,1.2156e+005,0.337,0.329
13,1,9,1.216e+005,1.065,-0.179
13,1,9,1.2164e+005,0.543,-0.397
13,1,9,1.2168e+005,0.631,0.215
13,1,9,1.2172e+005,0.272,-0.361
13,1,9,1.2176e+005,0.447,0.922
13,1,9,1.218e+005,0.39,-1.337
13,1,9,1.2184e+005,0.412,0.296
13,1,9,1.2187e+005,0.302,0.311
13,1,9,1.2191e+005,0.446,-0.307
13,1,9,1.2195e+005,0.794,0.171
13,1,9,1.2199e+005,0.476,-0.257
13,1,9,1.2203e+005,0.581,0.145
13,1,9,1.2207e+005,0.008,-0.031
13,1,9,1.2211e+005,0.124,0.492
13,1,9,1.2215e+005,-0.15,-0.415
13,1,9,1.2219e+005,-0.222,-0.054
13,1,9,1.2223e+005,-0.45,0.024
13,1,9,1.2226e+005,-0.32,0.162
13,1,9,1.223e+005,0.016,-0.032
13,1,9,1.2234e+005,0.288,-0.321
13,1,9,1.2238e+005,0.187,0.356
13,1,9,1.2242e+005,-0.033,0.016
13,1,9,1.2246e+005,0.186,-0.026
13,1,9,1.225e+005,0.195,-0.124
13,1,9,1.2254e+005,0.045,0.249
13,1,9,1.2258e+005,-0.154,0.109
13,1,9,1.2262e+005,-0.255,-0.354
13,1,9,1.2266e+005,0.224,-0.283
13,1,9,1.227e+005,0.134,0.13
13,1,9,1.2273e+005,0.167,-0.117
13,1,9,1.2277e+005,0.101,0.04
13,1,9,1.2281e+005,0.21,0.053
13,1,9,1.2285e+005,0.284,-0.284
13,1,9,1.2289e+005,0.083,-0.166
13,1,9,1.2293e+005,0.143,0.026
13,1,9,1.2297e+005,-0.084,0.705
13,1,9,1.2301e+005,0.182,-0.391
13,1,9,1.2305e+005,-0.114,0.034
13,1,9,1.2308e+005,0.247,0.521
13,1,9,1.2312e+005,0.371,-0.035
13,1,9,1.2316e+005,0.596,0.161
13,1,9,1.232e+005,0.493,-0.171
13,1,9,1.2324e+005,0.292,0.131
13,1,9,1.2328e+005,0.242,-0.234
13,1,9,1.2332e+005,0.236,-0.255
13,1,9,1.2336e+005,0.14,-0.103
13,1,9,1.234e+005,0.005,0.07
13,1,9,1.2344e+005,0.042,-0.406
13,1,9,1.2348e+005,-0.061,0.19
13,1,9,1.2352e+005,0.918,-0.312
13,1,9,1.2355e+005,0.879,-0.269
13,1,9,1.2359e+005,1.058,0.584
13,1,9,1.2363e+005,0.868,0.071
13,1,9,1.2367e+005,1.004,0.048
13,1,9,1.2371e+005,1.629,-0.731
13,1,9,1.2375e+005,1.66,0.531
13,1,9,1.2379e+005,1.264,0.285
13,1,9,1.2383e+005,0.896,-0.017
13,1,9,1.2387e+005,0.787,-0.348
13,1,9,1.2391e+005,0.815,-0.593
13,1,9,1.2394e+005,0.406,0.446
13,1,9,1.2398e+005,-0.456,0.264
13,1,9,1.2402e+005,-0.597,-0.079
13,1,9,1.2406e+005,-0.394,-0.444
13,1,9,1.241e+005,-0.005,-0.373
13,1,9,1.2414e+005,0.056,0.362
13,1,9,1.2418e+005,-0.102,0.817
13,1,9,1.2422e+005,-0.308,-0.24
13,1,9,1.2426e+005,0.181,-0.473
13,1,9,1.243e+005,-0.105,-0.004
13,1,9,1.2434e+005,-0.036,0.497
13,1,9,1.2437e+005,-0.574,0.07
13,1,9,1.2441e+005,-0.329,-0.383
13,1,9,1.2445e+005,0.003,-0.835
13,1,9,1.2449e+005,0.159,0.049
13,1,9,1.2453e+005,0.229,0.515
13,1,9,1.2457e+005,0.03,0.127
13,1,9,1.2461e+005,0.161,-0.38
13,1,9,1.2465e+005,0.081,-0.602
13,1,9,1.2469e+005,0.022,0.19
13,1,9,1.2473e+005,-0.35,0.486
13,1,9,1.2476e+005,-0.182,0.038
13,1,9,1.248e+005,-0.364,-0.549
13,1,9,1.2484e+005,0.051,-0.715
13,1,9,1.2488e+005,-0.289,-0.135
13,1,9,1.2492e+005,0.007,0.136
13,1,9,1.2496e+005,-0.237,-0.066
13,1,9,1.25e+005,-0.273,-0.491
13,1,9,1.2504e+005,-0.533,-0.618
13,1,9,1.2508e+005,-0.477,0.14
13,1,9,1.2512e+005,0.042,-0.363
13,1,9,1.2516e+005,0.023,0.389
13,1,9,1.252e+005,0.152,-0.393
13,1,9,1.2523e+005,0.051,-0.437
13,1,9,1.2527e+005,-0.037,0.818
13,1,9,1.2531e+005,0.268,-0.274
13,1,9,1.2535e+005,-0.092,-0.054
13,1,9,1.2539e+005,-0.537,0.538
13,1,9,1.2543e+005,-0.444,-0.129
13,1,9,1.2547e+005,-0.499,0.158
13,1,9,1.2551e+005,0.09,-0.008
13,1,9,1.2555e+005,0.121,-0.349
13,1,9,1.2558e+005,0.357,0.09
13,1,9,1.2562e+005,0.339,-0.237
13,1,9,1.2566e+005,0.185,0.608
13,1,9,1.257e+005,0.11,-0.69
13,1,9,1.2574e+005,-0.238,-0.015
13,1,9,1.2578e+005,-0.581,0.817
13,1,9,1.2582e+005,-0.852,0.003
13,1,9,1.2586e+005,-0.707,0.108
13,1,9,1.259e+005,-0.245,-0.708
13,1,9,1.2594e+005,0.005,0.572
13,1,9,1.2598e+005,-0.247,0.347
13,1,9,1.2602e+005,-0.638,0.109
13,1,9,1.2605e+005,-0.141,-0
13,1,9,1.2609e+005,-0.218,-0.138
13,1,9,1.2613e+005,-0.221,0.354
13,1,9,1.2617e+005,-0.635,-0.132
13,1,9,1.2621e+005,-0.245,0.496
13,1,9,1.2625e+005,0.283,-0.794
13,1,9,1.2629e+005,0.226,-0.093
13,1,9,1.2633e+005,0.681,0.026
13,1,9,1.2637e+005,0.515,0.236
13,1,9,1.2641e+005,0.571,0.47
13,1,9,1.2644e+005,0.277,-0.642
13,1,9,1.2648e+005,0.305,0.533
13,1,9,1.2652e+005,0.284,-0.263
13,1,9,1.2656e+005,0.129,0.687
13,1,9,1.266e+005,0.205,0.161
13,1,9,1.2664e+005,0.171,-0.269
13,1,9,1.2668e+005,0.361,0.306
13,1,9,1.2672e+005,0.484,-0.494
13,1,9,1.2676e+005,0.577,0.286
13,1,9,1.268e+005,0.349,-0.188
13,1,9,1.2684e+005,0.022,-0.082
13,1,9,1.2687e+005,-0.359,0.233
13,1,9,1.2691e+005,-0.294,-0.202
13,1,9,1.2695e+005,-0.305,-0.384
13,1,9,1.2699e+005,-0.654,0.746
13,1,9,1.2703e+005,-0.433,0.149
13,1,9,1.2707e+005,-0.472,-0.157
13,1,9,1.2711e+005,0.14,0.268
13,1,9,1.2715e+005,0.07,0.078
13,1,9,1.2719e+005,0.131,0.272
13,1,9,1.2723e+005,-0.077,-0.153
13,1,9,1.2726e+005,-0.265,0.681
13,1,9,1.273e+005,0.107,-0.714
13,1,9,1.2734e+005,-0.106,-0.325
13,1,9,1.2738e+005,0.176,0.014
13,1,9,1.2742e+005,-0.117,-0.116
13,1,9,1.2746e+005,0.093,-0.089
13,1,9,1.275e+005,0.141,-0.449
13,1,9,1.2754e+005,0.203,0.446
13,1,9,1.2758e+005,0.1,-0.226
13,1,9,1.2762e+005,-0.099,0.23
13,1,9,1.2766e+005,-0.241,0.26
13,1,9,1.277e+005,-0.389,0.019
13,1,9,1.2773e+005,-0.245,-0.065
13,1,9,1.2777e+005,-0.337,0.374
13,1,9,1.2781e+005,-0.345,0.03
13,1,9,1.2785e+005,-0.389,-0.576
13,1,9,1.2789e+005,-0.442,-0.042
13,1,9,1.2793e+005,-0.159,-0.284
13,1,9,1.2797e+005,-0.089,-0.558
13,1,9,1.2801e+005,-0.06,-0.044
13,1,9,1.2805e+005,-0.463,0.106
13,1,9,1.2808e+005,-0.171,-0.821
13,1,9,1.2812e+005,0.025,-0.473
13,1,9,1.2816e+005,0.271,0.338
13,1,9,1.282e+005,-0.063,0.108
13,1,9,1.2824e+005,-0.357,-0.203
13,1,9,1.2828e+005,0.076,-0.12
13,1,9,1.2832e+005,0.301,0.119
13,1,9,1.2836e+005,0.567,-0.208
13,1,9,1.284e+005,0.313,-0.29
13,1,9,1.2844e+005,0.291,0.173
13,1,9,1.2848e+005,0.725,-0.702
13,1,9,1.2852e+005,0.973,-0.888
13,1,9,1.2855e+005,1.103,0.044
13,1,9,1.2859e+005,0.915,-0.176
13,1,9,1.2863e+005,0.455,0.326
13,1,9,1.2867e+005,0.107,-0.547
13,1,9,1.2871e+005,0.113,-0.602
13,1,9,1.2875e+005,0.013,0.151
13,1,9,1.2879e+005,-0.205,0.235
13,1,9,1.2883e+005,-0.364,0.243
13,1,9,1.2887e+005,-0.605,0.024
13,1,9,1.2891e+005,0.306,-0.34
13,1,9,1.2894e+005,0.088,0.509
13,1,9,1.2898e+005,0.434,0.185
13,1,9,1.2902e+005,-0.621,0.012
13,1,9,1.2906e+005,-0.295,-0.027
13,1,9,1.291e+005,-0.266,-0.627
13,1,9,1.2914e+005,-0.227,0.65
13,1,9,1.2918e+005,-0.32,-0.484
13,1,9,1.2922e+005,-0.381,-0.033
13,1,9,1.2926e+005,-0.309,0.108
13,1,9,1.293e+005,0.185,-0.496
13,1,9,1.2934e+005,0.206,0.383
13,1,9,1.2937e+005,0.239,0.131
13,1,9,1.2941e+005,0.004,0.087
13,1,9,1.2945e+005,-0.482,0.109
13,1,9,1.2949e+005,-0.179,-0.432
13,1,9,1.2953e+005,-0.334,0.613
13,1,9,1.2957e+005,-0.435,0.243
13,1,9,1.2961e+005,-0.004,-0.616
13,1,9,1.2965e+005,-0.499,0.433
13,1,9,1.2969e+005,0.239,-0.674
13,1,9,1.2973e+005,0.166,-0.416
13,1,9,1.2976e+005,0.315,0.257
13,1,9,1.298e+005,0.25,-0.164
13,1,9,1.2984e+005,-0.232,0.249
13,1,9,1.2988e+005,-0.323,-0.412
13,1,9,1.2992e+005,-0.358,0.423
13,1,9,1.2996e+005,-0.163,0.471
13,1,9,1.3e+005,-0.133,-0.14
13,1,9,1.3004e+005,-0.329,0.771
13,1,9,1.3008e+005,-0.161,-0.093
13,1,9,1.3012e+005,0.381,-0.67
13,1,9,1.3016e+005,0.237,0.81
13,1,9,1.302e+005,0.061,0.143
13,1,9,1.3023e+005,-0.352,-0.391
13,1,9,1.3027e+005,-0.31,0.156
13,1,9,1.3031e+005,-0.055,-0.13
13,1,9,1.3035e+005,0.012,-0.287
13,1,9,1.3039e+005,0.007,0.031
13,1,9,1.3043e+005,-0.181,0.657
13,1,9,1.3047e+005,0.265,-0.695
13,1,9,1.3051e+005,0.316,-0.565
13,1,9,1.3055e+005,0.124,0.756
13,1,9,1.3058e+005,-0.242,0.104
13,1,9,1.3062e+005,-0.341,-0.009
13,1,9,1.3066e+005,-0.285,-0.144
13,1,9,1.307e+005,-0.213,-0.14
13,1,9,1.3074e+005,-0.434,0.256
13,1,9,1.3078e+005,-0.544,0.171
13,1,9,1.3082e+005,-0.496,-0.144
13,1,9,1.3086e+005,-0.206,-0.405
13,1,9,1.309e+005,-0.369,-0.225
13,1,9,1.3094e+005,-0.482,0.63
13,1,9,1.3098e+005,-0.766,-0.032
13,1,9,1.3102e+005,-0.697,-0.291
13,1,9,1.3105e+005,-0.738,-0.373
13,1,9,1.3109e+005,-1.012,0.316
13,1,9,1.3113e+005,-0.999,0.434
13,1,9,1.3117e+005,-0.969,0.082
13,1,9,1.3121e+005,-0.588,-0.142
13,1,9,1.3125e+005,-0.478,-0.079
13,1,9,1.3129e+005,-0.203,0.262
13,1,9,1.3133e+005,-0.172,-0.172
13,1,9,1.3137e+005,-0.147,0.32
13,1,9,1.3141e+005,-0.4,-0.309
13,1,9,1.3144e+005,-0.246,-0.062
13,1,9,1.3148e+005,-0.476,0.616
13,1,9,1.3152e+005,0.071,-0.277
13,1,9,1.3156e+005,-0.367,0.115
13,1,9,1.316e+005,0.014,-0.336
13,1,9,1.3164e+005,-0.128,-0.177
13,1,9,1.3168e+005,0.146,0.667
13,1,9,1.3172e+005,0.125,-0.817
13,1,9,1.3176e+005,-0.02,-0.029
13,1,9,1.318e+005,0.013,0.018
13,1,9,1.3184e+005,-0.126,0.103
13,1,9,1.3187e+005,0.286,-0.323
13,1,9,1.3191e+005,-0.02,0.076
13,1,9,1.3195e+005,0,0.243
13,1,9,1.3199e+005,0.066,-0.777
13,1,9,1.3203e+005,0.067,0.29
13,1,9,1.3207e+005,-0.006,-0.182
13,1,9,1.3211e+005,0.257,-0.694
13,1,9,1.3215e+005,0.138,-0.085
13,1,9,1.3219e+005,0.553,-0.335
13,1,9,1.3223e+005,0.081,-0.016
13,1,9,1.3226e+005,0.148,0.253
13,1,9,1.323e+005,0.018,0.028
13,1,9,1.3234e+005,0.015,0.117
13,1,9,1.3238e+005,-0.123,-0.273
13,1,9,1.3242e+005,-0.28,0.554
13,1,9,1.3246e+005,-0.273,0.312
13,1,9,1.325e+005,-0.032,-0.3
13,1,9,1.3254e+005,0.195,-0.378
13,1,9,1.3258e+005,0.534,-0.296
13,1,9,1.3262e+005,0.509,-0.043
13,1,9,1.3266e+005,0.713,-0.531
13,1,9,1.327e+005,0.51,0.142
13,1,9,1.3273e+005,0.446,-0.072
13,1,9,1.3277e+005,0.466,-0.711
13,1,9,1.3281e+005,0.559,0.184
13,1,9,1.3285e+005,0.483,0.116
13,1,9,1.3289e+005,0.415,-0.015
13,1,9,1.3293e+005,0.718,-0.354
13,1,9,1.3297e+005,0.809,0.114
13,1,9,1.3301e+005,0.947,0.253
13,1,9,1.3305e+005,0.463,-0.442
13,1,9,1.3308e+005,0.506,0.053
13,1,9,1.3312e+005,0.645,0.102
13,1,9,1.3316e+005,0.736,0.125
13,1,9,1.332e+005,0.63,-0.254
13,1,9,1.3324e+005,0.664,-0.189
13,1,9,1.3328e+005,0.776,0.101
13,1,9,1.3332e+005,0.854,-0.401
13,1,9,1.3336e+005,0.668,0.016
13,1,9,1.334e+005,0.73,-0.08
13,1,9,1.3344e+005,0.871,-0.392
13,1,9,1.3348e+005,0.619,0.311
13,1,9,1.3352e+005,0.282,0.041
13,1,9,1.3355e+005,0.329,-0.06
13,1,9,1.3359e+005,0.064,0.106
13,1,9,1.3363e+005,-0.12,0.621
13,1,9,1.3367e+005,-0.099,-0.16
13,1,9,1.3371e+005,-0.21,-0.463
13,1,9,1.3375e+005,-0.048,0.424
13,1,9,1.3379e+005,-0.363,-0.066
13,1,9,1.3383e+005,-0.03,0.256
13,1,9,1.3387e+005,-0.092,0.12
13,1,9,1.3391e+005,-0.167,0.342
13,1,9,1.3394e+005,-0.087,-0.152
13,1,9,1.3398e+005,-0.082,-0.115
13,1,9,1.3402e+005,-0.177,0.468
13,1,9,1.3406e+005,-0.183,-0.372
13,1,9,1.341e+005,-0.513,-0.34
13,1,9,1.3414e+005,-0.16,-0.004
13,1,9,1.3418e+005,-0.097,0.256
13,1,9,1.3422e+005,-0.096,0.234
13,1,9,1.3426e+005,-0.21,-0.518
13,1,9,1.343e+005,0.068,0.105
13,1,9,1.3434e+005,0.131,0.204
13,1,9,1.3437e+005,0.186,0.144
13,1,9,1.3441e+005,0.045,0.162
13,1,9,1.3445e+005,0.364,-0.144
13,1,9,1.3449e+005,0.191,0.022
13,1,9,1.3453e+005,0.013,0.141
13,1,9,1.3457e+005,0.303,-0.312
13,1,9,1.3461e+005,0.183,-0.016
13,1,9,1.3465e+005,0.471,-0.238
13,1,9,1.3469e+005,0.1,-0.188
13,1,9,1.3473e+005,-0.228,0.437
13,1,9,1.3476e+005,-0.047,-0.131
13,1,9,1.348e+005,0.361,-0.159
13,1,9,1.3484e+005,0.235,0.03
13,1,9,1.3488e+005,-0.117,0.139
13,1,9,1.3492e+005,-0.32,0.046
13,1,9,1.3496e+005,0.431,-0.563
13,1,9,1.35e+005,0.295,-0.285
13,1,9,1.3504e+005,-0.017,0.247
13,1,9,1.3508e+005,-0.221,-0.122
13,1,9,1.3512e+005,-0,-0.143
13,1,9,1.3516e+005,0.102,-0.217
13,1,9,1.352e+005,0.15,0.058
13,1,9,1.3523e+005,-0.208,0.03
13,1,9,1.3527e+005,-0.219,0.134
13,1,9,1.3531e+005,-0.531,0.577
13,1,9,1.3535e+005,-0.169,-0.374
13,1,9,1.3539e+005,-0.098,-0.259
13,1,9,1.3543e+005,-0.363,0.576
13,1,9,1.3547e+005,-0.29,-0.067
13,1,9,1.3551e+005,-0.247,-0.204
13,1,9,1.3555e+005,-0.066,-0.483
13,1,9,1.3558e+005,-0.072,0.014
13,1,9,1.3562e+005,-0.13,-0.059
13,1,9,1.3566e+005,-0.181,-0.158
13,1,9,1.357e+005,0.017,0.039
13,1,9,1.3574e+005,0.099,-0.549
13,1,9,1.3578e+005,0.364,-0.091
13,1,9,1.3582e+005,0.28,0.221
13,1,9,1.3586e+005,0.193,0.185
13,1,9,1.359e+005,0.042,-0.258
13,1,9,1.3594e+005,0.041,-0.417
13,1,9,1.3598e+005,-0.325,0.583
13,1,9,1.3602e+005,-0.636,0.597
13,1,9,1.3605e+005,-0.545,-0.64
13,1,9,1.3609e+005,-0.468,-0.214
13,1,9,1.3613e+005,0.04,0.185
13,1,9,1.3617e+005,0.053,-0.059
13,1,9,1.3621e+005,0.059,0.272
13,1,9,1.3625e+005,0.494,-0.43
13,1,9,1.3629e+005,0.593,-0.444
13,1,9,1.3633e+005,0.494,0.353
13,1,9,1.3637e+005,0.249,0.372
13,1,9,1.3641e+005,0.333,0.091
13,1,9,1.3644e+005,0.362,-0.142
13,1,9,1.3648e+005,0.47,-0.267
13,1,9,1.3652e+005,-0.035,0.278
13,1,9,1.3656e+005,0.018,0.225
13,1,9,1.366e+005,0.108,-0.105
13,1,9,1.3664e+005,0.24,0.197
13,1,9,1.3668e+005,0.225,-0.119
13,1,9,1.3672e+005,0.096,0.134
13,1,9,1.3676e+005,0.305,-0.058
13,1,9,1.368e+005,0.46,-0.489
13,1,9,1.3684e+005,0.335,0.269
13,1,9,1.3687e+005,0.24,0.251
13,1,9,1.3691e+005,0.251,-0.079
13,1,9,1.3695e+005,0.304,-0.184
13,1,9,1.3699e+005,0.436,-0.786
13,1,9,1.3703e+005,0.322,-0.104
13,1,9,1.3707e+005,-0.046,0.491
13,1,9,1.3711e+005,0.003,0.096
13,1,9,1.3715e+005,-0.058,-0.006
13,1,9,1.3719e+005,0.229,-0.458
13,1,9,1.3723e+005,0.036,0.267
13,1,9,1.3726e+005,-0.191,0.618
13,1,9,1.373e+005,-0.422,0.019
13,1,9,1.3734e+005,-0.058,0.056
13,1,9,1.3738e+005,-0.116,-0.253
13,1,9,1.3742e+005,-0.612,0.319
13,1,9,1.3746e+005,-0.755,0.317
13,1,9,1.375e+005,-0.773,0.128
13,1,9,1.3754e+005,-0.251,-0.407
13,1,9,1.3758e+005,-0.56,-0.064
13,1,9,1.3762e+005,-0.362,0.065
13,1,9,1.3766e+005,-0.619,-0.027
13,1,9,1.377e+005,-0.427,0.145
13,1,9,1.3773e+005,-0.564,-0.392
13,1,9,1.3777e+005,-0.409,-0.053
13,1,9,1.3781e+005,-0.269,0.13
13,1,9,1.3785e+005,-0.279,0.512
13,1,9,1.3789e+005,-0.154,-0.283
13,1,9,1.3793e+005,-0.331,0.141
13,1,9,1.3797e+005,-0.447,0.796
13,1,9,1.3801e+005,0.297,-0.469
13,1,9,1.3805e+005,0.01,0.394
13,1,9,1.3808e+005,0.009,0.263
13,1,9,1.3812e+005,-0.017,-0.998
13,1,9,1.3816e+005,-0.122,0.069
13,1,9,1.382e+005,-0.058,-0.187
13,1,9,1.3824e+005,-0.284,0.12
13,1,9,1.3828e+005,-0.512,0.041
13,1,9,1.3832e+005,-0.081,-0.353
13,1,9,1.3836e+005,-0.245,0.545
13,1,9,1.384e+005,0.364,-0.372
13,1,9,1.3844e+005,0.277,0.316
13,1,9,1.3848e+005,0.198,0.757
13,1,9,1.3852e+005,0.215,-0.115
13,1,9,1.3855e+005,-0.179,0.77
13,1,9,1.3859e+005,0.268,-0.296
13,1,9,1.3863e+005,0.609,-0.184
13,1,9,1.3867e+005,0.53,0.319
13,1,9,1.3871e+005,0.649,-0.253
13,1,9,1.3875e+005,0.678,-0.493
13,1,9,1.3879e+005,0.694,-0.528
13,1,9,1.3883e+005,0.684,0.134
13,1,9,1.3887e+005,-0.224,0.102
13,1,9,1.3891e+005,-0.295,-0.297
13,1,9,1.3894e+005,-0.556,-0.024
13,1,9,1.3898e+005,-0.321,0.345
13,1,9,1.3902e+005,-0.033,-0.521
13,1,9,1.3906e+005,0.131,0.3
13,1,9,1.391e+005,0.366,0.451
13,1,9,1.3914e+005,0.467,-0.436
13,1,9,1.3918e+005,0.45,-0.444
13,1,9,1.3922e+005,0.532,0.15
13,1,9,1.3926e+005,0.492,0.195
13,1,9,1.393e+005,-0.081,-0.062
13,1,9,1.3934e+005,0.081,-0.358
13,1,9,1.3937e+005,0.02,-0.027
13,1,9,1.3941e+005,0.665,-0.324
13,1,9,1.3945e+005,0.658,-0.435
13,1,9,1.3949e+005,0.469,0.252
13,1,9,1.3953e+005,0.618,-0.285
13,1,9,1.3957e+005,0.236,-0.029
13,1,9,1.3961e+005,0.237,0.232
13,1,9,1.3965e+005,0.061,-0.032
13,1,9,1.3969e+005,-0.001,-0.288
13,1,9,1.3973e+005,-0.029,-0.04
13,1,9,1.3976e+005,0.422,-0.508
13,1,9,1.398e+005,0.759,-0.677
13,1,9,1.3984e+005,1.289,0.098
13,1,9,1.3988e+005,1.278,0.01
13,1,9,1.3992e+005,0.772,-0.073
13,1,9,1.3996e+005,0.377,-0.377
13,1,9,1.4e+005,-0.103,0.158
13,1,9,1.4004e+005,-0.276,0.343
13,1,9,1.4008e+005,-0.884,0.323
13,1,9,1.4012e+005,-1.129,0.013
13,1,9,1.4016e+005,-0.902,-0.516
13,1,9,1.402e+005,-0.483,-0.199
13,1,9,1.4023e+005,-0.36,-0.025
13,1,9,1.4027e+005,-0.725,0.371
13,1,9,1.4031e+005,-0.529,-0.209
13,1,9,1.4035e+005,-0.789,-0.188
13,1,9,1.4039e+005,-0.38,-0.095
13,1,9,1.4043e+005,-0.788,0.054
13,1,9,1.4047e+005,-0.581,0.509
13,1,9,1.4051e+005,-0.301,-0.466
13,1,9,1.4055e+005,-0.271,0.161
13,1,9,1.4058e+005,0.359,-0.434
13,1,9,1.4062e+005,0.151,0.39
13,1,9,1.4066e+005,0.407,0.435
13,1,9,1.407e+005,0.233,-0.435
13,1,9,1.4074e+005,0.304,0.312
13,1,9,1.4078e+005,-0.173,0.224
13,1,9,1.4082e+005,0.188,0.156
13,1,9,1.4086e+005,-0.332,0.25
13,1,9,1.409e+005,0.098,0.008
13,1,9,1.4094e+005,-0.647,0.241
13,1,9,1.4098e+005,-0.108,-0.068
13,1,9,1.4102e+005,-0.068,-0.101
13,1,9,1.4105e+005,-0.093,0.63
13,1,9,1.4109e+005,0.12,-0.962
13,1,9,1.4113e+005,-0.057,0.171
13,1,9,1.4117e+005,-0.189,0.429
13,1,9,1.4121e+005,-0.296,-0.289
13,1,9,1.4125e+005,-0.149,-0.113
13,1,9,1.4129e+005,-0.166,0.261
13,1,9,1.4133e+005,0.17,-0.194
13,1,9,1.4137e+005,-0.101,0.255
13,1,9,1.4141e+005,0.453,0.346
13,1,9,1.4144e+005,0.465,0.017
13,1,9,1.4148e+005,0.951,0.069
13,1,9,1.4152e+005,1.274,-0.456
13,1,9,1.4156e+005,0.917,0.912
13,1,9,1.416e+005,0.821,-0.245
13,1,9,1.4164e+005,0.929,-0.704
13,1,9,1.4168e+005,0.479,0.449
13,1,9,1.4172e+005,0.53,-0.057
13,1,9,1.4176e+005,-0.122,0.163
13,1,9,1.418e+005,0.083,0.232
13,1,9,1.4184e+005,0.562,-0.296
13,1,9,1.4187e+005,0.674,-0.623
13,1,9,1.4191e+005,0.237,0.298
13,1,9,1.4195e+005,0.333,0.34
13,1,9,1.4199e+005,-0.168,-0.452
13,1,9,1.4203e+005,-0.219,0.125
13,1,9,1.4207e+005,-1.03,0.21
13,1,9,1.4211e+005,-1.046,0.29
13,1,9,1.4215e+005,-0.968,-0.162
13,1,9,1.4219e+005,-0.783,0.402
13,1,9,1.4223e+005,-0.506,-0.163
13,1,9,1.4226e+005,-0.235,-0.086
13,1,9,1.423e+005,-0.134,0.62
13,1,9,1.4234e+005,0.141,-0.441
13,1,9,1.4238e+005,-0.278,-0.376
13,1,9,1.4242e+005,-0.593,0.364
13,1,9,1.4246e+005,-0.574,0.318
13,1,9,1.425e+005,-0.597,-0.069
13,1,9,1.4254e+005,-0.257,-0.515
13,1,9,1.4258e+005,-0.302,0.288
13,1,9,1.4262e+005,-0.3,0.143
13,1,9,1.4266e+005,-0.3,0.043
13,1,9,1.427e+005,-0.244,0.052
13,1,9,1.4273e+005,-0.357,-0.276
13,1,9,1.4277e+005,-0.501,-0.197
13,1,9,1.4281e+005,-0.791,0.257
13,1,9,1.4285e+005,-0.758,0.313
13,1,9,1.4289e+005,-0.904,-0.24
13,1,9,1.4293e+005,-0.62,-0.025
13,1,9,1.4297e+005,-0.442,-0.075
13,1,9,1.4301e+005,-0.466,0.332
13,1,9,1.4305e+005,-0.543,-0.068
13,1,9,1.4308e+005,-0.696,-0.16
13,1,9,1.4312e+005,-0.663,-0.027
13,1,9,1.4316e+005,-0.718,0.346
13,1,9,1.432e+005,-0.624,-0.156
13,1,9,1.4324e+005,-0.721,0.211
13,1,9,1.4328e+005,-0.649,0.224
13,1,9,1.4332e+005,-0.048,-0.676
13,1,9,1.4336e+005,0.147,0.451
13,1,9,1.434e+005,0.095,0.548
13,1,9,1.4344e+005,-0.358,0.15
13,1,9,1.4348e+005,-0.634,-0.224
13,1,9,1.4352e+005,0.06,-0.731
13,1,9,1.4355e+005,-0.214,0.114
13,1,9,1.4359e+005,-0.418,0.247
13,1,9,1.4363e+005,-0.329,-0.624
13,1,9,1.4367e+005,0.404,-0.486
13,1,9,1.4371e+005,0.729,-0.335
13,1,9,1.4375e+005,0.151,0.497
13,1,9,1.4379e+005,-0.344,0.516
13,1,9,1.4383e+005,-0.131,-0.173
13,1,9,1.4387e+005,0.064,-0.147
13,1,9,1.4391e+005,0.032,0.032
13,1,9,1.4394e+005,-0.392,0.199
13,1,9,1.4398e+005,-0.079,-0.033
13,1,9,1.4402e+005,0.133,-0.165
13,1,9,1.4406e+005,-0.016,-0.031
13,1,9,1.441e+005,-0.053,-0.491
13,1,9,1.4414e+005,0.13,-0.02
13,1,9,1.4418e+005,0.059,0.623
13,1,9,1.4422e+005,0.168,-0.848
13,1,9,1.4426e+005,-0.288,-0.346
13,1,9,1.443e+005,0.482,-0.135
13,1,9,1.4434e+005,0.496,0.379
13,1,9,1.4437e+005,0.519,0.382
13,1,9,1.4441e+005,0.413,-0.568
13,1,9,1.4445e+005,1.029,-0.213
13,1,9,1.4449e+005,1.12,-0.015
13,1,9,1.4453e+005,0.758,0.813
13,1,9,1.4457e+005,0.416,-0.235
13,1,9,1.4461e+005,0.322,-0.196
13,1,9,1.4465e+005,0.237,0.118
13,1,9,1.4469e+005,0.084,-0.362
13,1,9,1.4473e+005,-0.155,-0.051
13,1,9,1.4476e+005,0.029,-0.064
13,1,9,1.448e+005,-0.232,-0.111
13,1,9,1.4484e+005,-0.238,-0.705
13,1,9,1.4488e+005,-0.363,-0.302
13,1,9,1.4492e+005,-0.381,0.737
13,1,9,1.4496e+005,-0.533,-0.242
13,1,9,1.45e+005,-0.465,-0.262
13,1,9,1.4504e+005,-0.284,-0.219
13,1,9,1.4508e+005,0.162,-0.308
13,1,9,1.4512e+005,0.248,-0.022
13,1,9,1.4516e+005,0.298,0.185
13,1,9,1.452e+005,0.238,0.08
13,1,9,1.4523e+005,0.17,-0.326
13,1,9,1.4527e+005,0.109,-0.209
13,1,9,1.4531e+005,-0.23,0.074
13,1,9,1.4535e+005,-0.086,0.042
13,1,9,1.4539e+005,-0.403,-0.171
13,1,9,1.4543e+005,-0.074,-0.184
13,1,9,1.4547e+005,-0.235,0.051
13,1,9,1.4551e+005,0.339,-0.053
13,1,9,1.4555e+005,0.197,-0.266
13,1,9,1.4558e+005,-0.116,0.683
13,1,9,1.4562e+005,-0.169,-0.355
13,1,9,1.4566e+005,-0.346,0.022
13,1,9,1.457e+005,0.121,-0.214
13,1,9,1.4574e+005,-0.362,0.096
13,1,9,1.4578e+005,-0.175,0.089
13,1,9,1.4582e+005,-0.557,-0.447
13,1,9,1.4586e+005,-0.164,0.141
13,1,9,1.459e+005,-0.179,-0.694
13,1,9,1.4594e+005,-0.083,0.327
13,1,9,1.4598e+005,-0.429,0.498
13,1,9,1.4602e+005,-0.329,-0.281
13,1,9,1.4605e+005,-0.298,-0.463
13,1,9,1.4609e+005,-0.086,-0.125
13,1,9,1.4613e+005,-0.257,0.339
13,1,9,1.4617e+005,-0.479,0.223
13,1,9,1.4621e+005,-0.3,-0.396
13,1,9,1.4625e+005,-0.339,0.087
13,1,9,1.4629e+005,-0.288,-0.022
13,1,9,1.4633e+005,0.045,-0.104
13,1,9,1.4637e+005,-0.361,0.264
13,1,9,1.4641e+005,0.026,-0.207
13,1,9,1.4644e+005,-0.38,-0.47
13,1,9,1.4648e+005,-0.159,0.412
13,1,9,1.4652e+005,-0.044,-0.142
13,1,9,1.4656e+005,-0.232,0.527
13,1,9,1.466e+005,-0.211,-0.271
13,1,9,1.4664e+005,-0.417,-0.202
13,1,9,1.4668e+005,-0.07,0.401
13,1,9,1.4672e+005,-0.349,0.258
13,1,9,1.4676e+005,-0.291,0.43
13,1,9,1.468e+005,-0.641,-0.332
13,1,9,1.4684e+005,0.001,0.014
13,1,9,1.4687e+005,-0.277,0.354
13,1,9,1.4691e+005,0.24,0.331
13,1,9,1.4695e+005,-0.056,-0.335
13,1,9,1.4699e+005,0.142,0.28
13,1,9,1.4703e+005,0.191,-0.106
13,1,9,1.4707e+005,0.182,-0.324
13,1,9,1.4711e+005,0.213,0.027
13,1,9,1.4715e+005,0.04,0.067
13,1,9,1.4719e+005,0.071,-0.239
13,1,9,1.4723e+005,-0.197,-0.331
13,1,9,1.4726e+005,-0.02,0.399
13,1,9,1.473e+005,0.258,-0.129
13,1,9,1.4734e+005,0.315,0.229
13,1,9,1.4738e+005,0.285,0.17
13,1,9,1.4742e+005,0.286,-0.351
13,1,9,1.4746e+005,0.727,-0.123
13,1,9,1.475e+005,0.706,0.059
13,1,9,1.4754e+005,0.438,0.554
13,1,9,1.4758e+005,-0.018,-0.156
13,1,9,1.4762e+005,0.217,-0.358
13,1,9,1.4766e+005,0.092,0.484
13,1,9,1.477e+005,0.392,-0.387
13,1,9,1.4773e+005,0.449,-0.559
13,1,9,1.4777e+005,0.235,0.23
13,1,9,1.4781e+005,0.375,-0.633
13,1,9,1.4785e+005,0.035,-0.286
13,1,9,1.4789e+005,0.285,-0.358
13,1,9,1.4793e+005,-0.077,0.162
13,1,9,1.4797e+005,-0.402,-0.081
13,1,9,1.4801e+005,-0.596,-0.581
13,1,9,1.4805e+005,-0.149,0.279
13,1,9,1.4808e+005,0.059,-0.223
13,1,9,1.4812e+005,0.519,-0.219
13,1,9,1.4816e+005,0.51,-0.112
13,1,9,1.482e+005,0.462,-0.11
13,1,9,1.4824e+005,0.33,-0.13
13,1,9,1.4828e+005,-0.121,0.127
13,1,9,1.4832e+005,-0.04,-0.079
13,1,9,1.4836e+005,-0.562,0.262
13,1,9,1.484e+005,-0.309,-0.291
13,1,9,1.4844e+005,0.028,-0.599
13,1,9,1.4848e+005,0.801,-0.316
13,1,9,1.4852e+005,0.903,-0.213
13,1,9,1.4855e+005,0.604,0.18
13,1,9,1.4859e+005,0.129,-0.321
13,1,9,1.4863e+005,0.117,0.119
13,1,9,1.4867e+005,-0.292,0.263
13,1,9,1.4871e+005,-0.629,0.19
13,1,9,1.4875e+005,-0.477,-0.369
13,1,9,1.4879e+005,-0.461,0.369
13,1,9,1.4883e+005,0.13,-0.424
13,1,9,1.4887e+005,0.318,-0.216
13,1,9,1.4891e+005,0.659,0.216
13,1,9,1.4894e+005,0.287,0.125
13,1,9,1.4898e+005,-0.138,0.339
13,1,9,1.4902e+005,-0.504,-0.337
13,1,9,1.4906e+005,-0.309,0.323
13,1,9,1.491e+005,-0.372,0.177
13,1,9,1.4914e+005,-0.529,0.249
13,1,9,1.4918e+005,-0.257,-0.436
13,1,9,1.4922e+005,0.554,-0.647
13,1,9,1.4926e+005,0.463,0.449
13,1,9,1.493e+005,0.435,0.213
13,1,9,1.4934e+005,0.051,-0.459
13,1,9,1.4937e+005,0.123,0.291
13,1,9,1.4941e+005,0.157,-0.319
13,1,9,1.4945e+005,0.09,-0.053
13,1,9,1.4949e+005,0.02,-0.055
13,1,9,1.4953e+005,0.123,0.123
13,1,9,1.4957e+005,0.563,-0.068
13,1,9,1.4961e+005,0.523,-0.293
13,1,9,1.4965e+005,0.774,0.262
13,1,9,1.4969e+005,0.453,0.309
13,1,9,1.4973e+005,0.543,0.052
13,1,9,1.4976e+005,0.233,-0.219
13,1,9,1.498e+005,0.343,0.114
13,1,9,1.4984e+005,0.048,0.25
13,1,9,1.4988e+005,-0.132,0.428
13,1,9,1.4992e+005,-0.289,-0.476
13,1,9,1.4996e+005,-0.183,-0.188
13,1,9,1.5e+005,0.057,-0.042
13,1,9,1.5004e+005,-0.419,-0.116
13,1,9,1.5008e+005,-0.254,-0.128
13,1,9,1.5012e+005,-0.002,-0.521
13,1,9,1.5016e+005,-0.359,0.226
13,1,9,1.502e+005,-0.423,-0.475
13,1,9,1.5023e+005,-0.648,-0.093
13,1,9,1.5027e+005,-0.062,0.234
13,1,9,1.5031e+005,0.048,-0.461
13,1,9,1.5035e+005,0.001,0.211
13,1,9,1.5039e+005,-0.214,-0.168
13,1,9,1.5043e+005,0.109,0.024
13,1,9,1.5047e+005,0.389,-0.21
13,1,9,1.5051e+005,0.534,-0.307
13,1,9,1.5055e+005,0.165,0.314
13,1,9,1.5058e+005,-0.081,0.046
13,1,9,1.5062e+005,0.284,-0.737
13,1,9,1.5066e+005,0.437,-0.216
13,1,9,1.507e+005,0.453,0.248
13,1,9,1.5074e+005,0.164,-0.109
13,1,9,1.5078e+005,0.215,-0.012
13,1,9,1.5082e+005,0.736,-0.457
13,1,9,1.5086e+005,0.158,0.322
13,1,9,1.509e+005,0.294,-0.212
13,1,9,1.5094e+005,0.205,-0.491
13,1,9,1.5098e+005,0.191,0.779
13,1,9,1.5102e+005,0.346,-0.456
13,1,9,1.5105e+005,-0.059,0.12
13,1,9,1.5109e+005,-0.054,0.142
13,1,9,1.5113e+005,0.209,-0.602
13,1,9,1.5117e+005,-0.28,0.383
13,1,9,1.5121e+005,-0.256,-0.253
13,1,9,1.5125e+005,-0.652,0.094
13,1,9,1.5129e+005,-0.625,-0.33
13,1,9,1.5133e+005,-0.354,-0.571
13,1,9,1.5137e+005,-0.368,0.548
13,1,9,1.5141e+005,-0.18,-0.549
13,1,9,1.5144e+005,0.095,-0.208
13,1,9,1.5148e+005,0.195,-0.322
13,1,9,1.5152e+005,0.254,-0.231
13,1,9,1.5156e+005,-0.057,0.374
13,1,9,1.516e+005,-0.144,-0.115
13,1,9,1.5164e+005,-0.086,-0.072
13,1,9,1.5168e+005,-0.161,-0.187
13,1,9,1.5172e+005,-0.164,-0.092
13,1,9,1.5176e+005,0.106,-0.226
13,1,9,1.518e+005,0.061,0.105
13,1,9,1.5184e+005,0.451,-0.34
13,1,9,1.5187e+005,0.423,-0.068
13,1,9,1.5191e+005,0.187,0.162
13,1,9,1.5195e+005,0.181,-0.446
13,1,9,1.5199e+005,0.159,-0.001
13,1,9,1.5203e+005,0.221,-0.266
13,1,9,1.5207e+005,0.048,0.224
13,1,9,1.5211e+005,0.001,-0.278
13,1,9,1.5215e+005,0.048,-0.304
13,1,9,1.5219e+005,0.061,0.379
13,1,9,1.5223e+005,0.079,-0.154
13,1,9,1.5226e+005,0.221,0.183
13,1,9,1.523e+005,0.148,-0.085
13,1,9,1.5234e+005,0.065,-0.496
13,1,9,1.5238e+005,0.101,-0.262
13,1,9,1.5242e+005,-0.049,0.03
13,1,9,1.5246e+005,-0.008,0.041
13,1,9,1.525e+005,-0.106,-0.141
13,1,9,1.5254e+005,-0.14,0.05
13,1,9,1.5258e+005,0.148,0.185
13,1,9,1.5262e+005,0.233,-0.132
13,1,9,1.5266e+005,0.429,0.036
13,1,9,1.527e+005,0.341,0.187
13,1,9,1.5273e+005,0.23,0.168
13,1,9,1.5277e+005,0.211,-0.009
13,1,9,1.5281e+005,0.116,0.158
13,1,9,1.5285e+005,-0.027,0.479
13,1,9,1.5289e+005,-0.004,-0.361
13,1,9,1.5293e+005,-0.012,-0.145
13,1,9,1.5297e+005,0.019,0.276
13,1,9,1.5301e+005,0.067,-0.267
13,1,9,1.5305e+005,0.064,-0.198
13,1,9,1.5308e+005,0.064,-0.359
13,1,9,1.5312e+005,0.098,0.012
13,1,9,1.5316e+005,-0.332,0.376
13,1,9,1.532e+005,-0.512,0.1
13,1,9,1.5324e+005,-0.158,-0.311
13,1,9,1.5328e+005,-0.36,0.204
13,1,9,1.5332e+005,-0.203,0.136
13,1,9,1.5336e+005,-0.643,0.055
13,1,9,1.534e+005,-0.357,0.365
13,1,9,1.5344e+005,0.123,-0.265
13,1,9,1.5348e+005,0.253,0.246
13,1,9,1.5352e+005,0.271,-0.074
13,1,9,1.5355e+005,0.02,-0.076
13,1,9,1.5359e+005,0.103,0.242
13,1,9,1.5363e+005,0.198,-0.083
13,1,9,1.5367e+005,0.066,-0.003
13,1,9,1.5371e+005,-0.122,-0.002
13,1,9,1.5375e+005,-0.149,0.076
13,1,9,1.5379e+005,-0.267,-0.035
13,1,9,1.5383e+005,-0.054,-0.232
13,1,9,1.5387e+005,-0.113,0.068
13,1,9,1.5391e+005,-0.311,0.341
13,1,9,1.5394e+005,-0.384,0.042
13,1,9,1.5398e+005,-0.349,0.099
13,1,9,1.5402e+005,-0.261,-0.09
13,1,9,1.5406e+005,0.047,0.14
13,1,9,1.541e+005,-0.231,0.288
13,1,9,1.5414e+005,0.064,0.062
13,1,9,1.5418e+005,-0.048,-0.071
13,1,9,1.5422e+005,0.03,0.176
13,1,9,1.5426e+005,-0.145,0.05
13,1,9,1.543e+005,-0.119,0.122
13,1,9,1.5434e+005,-0.035,-0.228
13,1,9,1.5437e+005,0.352,-0.085
13,1,9,1.5441e+005,0.082,0.314
13,1,9,1.5445e+005,0.096,-0.081
13,1,9,1.5449e+005,0.043,-0.115
13,1,9,1.5453e+005,-0.161,0.122
13,1,9,1.5457e+005,-0.085,-0.286
13,1,9,1.5461e+005,-0.413,-0.474
13,1,9,1.5465e+005,-0.236,0.029
13,1,9,1.5469e+005,-0.292,0.269
13,1,9,1.5473e+005,0.059,-0.498
13,1,9,1.5476e+005,0.251,-0.439
13,1,9,1.548e+005,0.706,0.195
13,1,9,1.5484e+005,0.419,-0.029
13,1,9,1.5488e+005,0.237,-0.221
13,1,9,1.5492e+005,-0.166,-0.189
13,1,9,1.5496e+005,-0.014,0.377
13,1,9,1.55e+005,-0.263,0.299
13,1,9,1.5504e+005,-0.524,0.212
13,1,9,1.5508e+005,-0.236,-0.346
13,1,9,1.5512e+005,0.027,0.125
13,1,9,1.5516e+005,0.086,0.248
13,1,9,1.552e+005,0.063,-0.211
13,1,9,1.5523e+005,-0.217,-0.062
13,1,9,1.5527e+005,0.048,-0.039
13,1,9,1.5531e+005,-0.191,-0.153
13,1,9,1.5535e+005,-0.436,-0.079
13,1,9,1.5539e+005,-0.035,-0.112
13,1,9,1.5543e+005,-0.04,0.481
13,1,9,1.5547e+005,0.163,-0.471
13,1,9,1.5551e+005,-0.486,0.362
13,1,9,1.5555e+005,-0.136,0.394
13,1,9,1.5558e+005,0.014,-0.416
13,1,9,1.5562e+005,0.219,-0.063
13,1,9,1.5566e+005,-0.088,-0.416
13,1,9,1.557e+005,-0.134,0.4
13,1,9,1.5574e+005,-0.263,-0.428
13,1,9,1.5578e+005,0.071,-0.284
13,1,9,1.5582e+005,-0.11,-0.07
13,1,9,1.5586e+005,-0.27,-0.014
13,1,9,1.559e+005,-0.445,0.156
13,1,9,1.5594e+005,-0.387,0.041
13,1,9,1.5598e+005,-0.043,-0.167
13,1,9,1.5602e+005,-0.082,-0.105
13,1,9,1.5605e+005,-0.131,-0.052
13,1,9,1.5609e+005,-0.037,-0.263
13,1,9,1.5613e+005,0.254,0.123
13,1,9,1.5617e+005,0.626,-0.288
13,1,9,1.5621e+005,0.674,-0.308
13,1,9,1.5625e+005,1.341,-0.216
13,1,9,1.5629e+005,1.256,-0.012
13,1,9,1.5633e+005,1.449,-0.152
13,1,9,1.5637e+005,1.269,-0.557
13,1,9,1.5641e+005,1.972,-0.328
13,1,9,1.5644e+005,1.787,0.012
13,1,9,1.5648e+005,1.527,0.203
13,1,9,1.5652e+005,1.191,-0.6
13,1,9,1.5656e+005,0.498,0.425
13,1,9,1.566e+005,0.64,-0.551
13,1,9,1.5664e+005,-0.248,-0.159
13,1,9,1.5668e+005,-0.412,0.313
13,1,9,1.5672e+005,-0.538,-0.38
13,1,9,1.5676e+005,-0.516,0.066
13,1,9,1.568e+005,-0.008,-0.658
13,1,9,1.5684e+005,0.448,0.313
13,1,9,1.5687e+005,0.78,0.053
13,1,9,1.5691e+005,0.384,0.168
13,1,9,1.5695e+005,0.23,0.192
13,1,9,1.5699e+005,0.269,-0.056
13,1,9,1.5703e+005,0.238,0.454
13,1,9,1.5707e+005,-0.13,0.595
13,1,9,1.5711e+005,-0.184,0.602
13,1,9,1.5715e+005,0.41,-0.608
13,1,9,1.5719e+005,0.569,-0.368
13,1,9,1.5723e+005,0.7,0.298
13,1,9,1.5726e+005,0.348,0.097
13,1,9,1.573e+005,0.285,0.358
13,1,9,1.5734e+005,0.506,-0.483
13,1,9,1.5738e+005,-0.078,0.064
13,1,9,1.5742e+005,-0.282,0.224
13,1,9,1.5746e+005,-0.298,-0.123
13,1,9,1.575e+005,-0,0.53
13,1,9,1.5754e+005,0.37,-0.336
13,1,9,1.5758e+005,0.428,-0.101
13,1,9,1.5762e+005,0.711,-0.198
13,1,9,1.5766e+005,0.867,0.176
13,1,9,1.577e+005,0.316,0.453
13,1,9,1.5773e+005,0.015,-0.839
13,1,9,1.5777e+005,-0.378,0.019
13,1,9,1.5781e+005,-0.375,-0.077
13,1,9,1.5785e+005,-0.44,-0.242
13,1,9,1.5789e+005,-0.548,-0.045
13,1,9,1.5793e+005,-0.174,-0.16
13,1,9,1.5797e+005,0.074,0.05
13,1,9,1.5801e+005,0.27,-0.141
13,1,9,1.5805e+005,0.398,-0.015
13,1,9,1.5808e+005,-0.039,0.469
13,1,9,1.5812e+005,0.237,-0.105
13,1,9,1.5816e+005,-0.289,-0.291
13,1,9,1.582e+005,-0.264,0.64
13,1,9,1.5824e+005,-0.121,-0.28
13,1,9,1.5828e+005,0.111,0.388
13,1,9,1.5832e+005,0.052,0.336
13,1,9,1.5836e+005,0.305,0.055
13,1,9,1.584e+005,0.584,-0.442
13,1,9,1.5844e+005,0.443,-0.043
13,1,9,1.5848e+005,0.32,0.41
13,1,9,1.5852e+005,0.052,-0.284
13,1,9,1.5855e+005,-0.123,0.247
13,1,9,1.5859e+005,-0.17,0.057
13,1,9,1.5863e+005,-0.056,-0.307
13,1,9,1.5867e+005,0.148,-0.198
13,1,9,1.5871e+005,0.103,0.407
13,1,9,1.5875e+005,0.151,0.565
13,1,9,1.5879e+005,0.328,-0.338
13,1,9,1.5883e+005,0.787,-0.273
13,1,9,1.5887e+005,0.661,0.285
13,1,9,1.5891e+005,0.443,-0.092
13,1,9,1.5894e+005,0.178,-0.22
13,1,9,1.5898e+005,0.045,0.082
13,1,9,1.5902e+005,0.195,-0.484
13,1,9,1.5906e+005,-0.272,-0.029
13,1,9,1.591e+005,-0.6,0.136
13,1,9,1.5914e+005,-0.773,-0.288
13,1,9,1.5918e+005,-0.675,-0.013
13,1,9,1.5922e+005,-0.666,-0.266
13,1,9,1.5926e+005,-0.585,-0.329
13,1,9,1.593e+005,-0.617,0.081
13,1,9,1.5934e+005,-0.518,-0.085
13,1,9,1.5937e+005,-0.79,0.443
13,1,9,1.5941e+005,-0.405,-0.119
13,1,9,1.5945e+005,0.032,-0.459
13,1,9,1.5949e+005,-0.132,0.61
13,1,9,1.5953e+005,-0.534,-0.197
13,1,9,1.5957e+005,-0.25,-0.203
13,1,9,1.5961e+005,-0.224,0.069
13,1,9,1.5965e+005,0.357,-0.174
13,1,9,1.5969e+005,-0.169,0.098
13,1,9,1.5973e+005,-0.31,0.068
13,1,9,1.5976e+005,0.081,-0.568
13,1,9,1.598e+005,0.074,0.427
13,1,9,1.5984e+005,0.107,0.171
13,1,9,1.5988e+005,-0.347,0.065
13,1,9,1.5992e+005,-0.236,0.133
13,1,9,1.5996e+005,0.13,-0.647
13,1,9,1.6e+005,-0.079,0.601
13,1,9,1.6004e+005,0.043,-0.206
13,1,9,1.6008e+005,0.312,-0.269
13,1,9,1.6012e+005,0.203,0.329
13,1,9,1.6016e+005,0.415,-0.648
13,1,9,1.602e+005,0.073,0.001
13,1,9,1.6023e+005,0.08,0.29
13,1,9,1.6027e+005,0.209,-0.202
13,1,9,1.6031e+005,-0.381,0.111
13,1,9,1.6035e+005,-0.459,-0.13
13,1,9,1.6039e+005,-0.656,0.123
13,1,9,1.6043e+005,-0.389,0.069
13,1,9,1.6047e+005,-0.264,-0.554
13,1,9,1.6051e+005,-0.406,0.158
13,1,9,1.6055e+005,-0.261,0.067
13,1,9,1.6058e+005,0.058,-0.26
13,1,9,1.6062e+005,0.177,-0.098
13,1,9,1.6066e+005,0.414,-0.184
13,1,9,1.607e+005,0.004,-0.189
13,1,9,1.6074e+005,-0.036,-0.056
13,1,9,1.6078e+005,-0.438,0.354
13,1,9,1.6082e+005,-0.036,-0.199
13,1,9,1.6086e+005,0.244,-0.872
13,1,9,1.609e+005,0.161,0.727
13,1,9,1.6094e+005,0.303,0.231
13,1,9,1.6098e+005,0.445,-0.305
13,1,9,1.6102e+005,0.693,-0.127
13,1,9,1.6105e+005,0.72,-0.278
13,1,9,1.6109e+005,0.695,-0.073
13,1,9,1.6113e+005,0.385,-0.553
13,1,9,1.6117e+005,0.051,0.371
13,1,9,1.6121e+005,0.004,-0.087
13,1,9,1.6125e+005,0.238,-0.97
13,1,9,1.6129e+005,0.036,0.237
13,1,9,1.6133e+005,-0.366,0.413
13,1,9,1.6137e+005,-0.101,-0.528
13,1,9,1.6141e+005,-0.379,0.182
13,1,9,1.6144e+005,-0.32,0.446
13,1,9,1.6148e+005,-0.376,-0.01
13,1,9,1.6152e+005,-0.726,0.408
13,1,9,1.6156e+005,-0.358,-0.404
13,1,9,1.616e+005,-0.515,0.065
13,1,9,1.6164e+005,-0.103,0.007
13,1,9,1.6168e+005,-0.369,0.111
13,1,9,1.6172e+005,-0.275,0.415
13,1,9,1.6176e+005,0.054,-0.673
13,1,9,1.618e+005,-0.02,0.27
13,1,9,1.6184e+005,0.043,0.179
13,1,9,1.6187e+005,-0.3,0.062
13,1,9,1.6191e+005,-0.01,-0.456
13,1,9,1.6195e+005,-0.145,-0.338
13,1,9,1.6199e+005,0.022,0.434
13,1,9,1.6203e+005,-0.39,0.333
13,1,9,1.6207e+005,-0.045,-0.075
13,1,9,1.6211e+005,-0.327,0.135
13,1,9,1.6215e+005,-0.032,0.373
13,1,9,1.6219e+005,-0.459,-0.046
13,1,9,1.6223e+005,-0.711,1.13
13,1,9,1.6226e+005,-0.456,-0.212
13,1,9,1.623e+005,-0.718,-0.021
13,1,9,1.6234e+005,-0.487,0.015
13,1,9,1.6238e+005,-0.221,-0.304
13,1,9,1.6242e+005,-0.028,0.173
13,1,9,1.6246e+005,0.162,-0.219
13,1,9,1.625e+005,0.173,-0.372
13,1,9,1.6254e+005,-0.155,0.585
13,1,9,1.6258e+005,0.388,0.082
13,1,9,1.6262e+005,-0.347,0.503
13,1,9,1.6266e+005,-0.139,0.069
13,1,9,1.627e+005,-0.529,-0.335
13,1,9,1.6273e+005,-0.486,0.943
13,1,9,1.6277e+005,-0.297,-0.477
13,1,9,1.6281e+005,-0.439,0.607
13,1,9,1.6285e+005,-0.149,-0.307
13,1,9,1.6289e+005,-0.174,-0.033
13,1,9,1.6293e+005,-0.577,0.381
13,1,9,1.6297e+005,0.036,-0.917
13,1,9,1.6301e+005,-0.218,0.349
13,1,9,1.6305e+005,0.063,-0.136
13,1,9,1.6308e+005,-0.037,-0.172
13,1,9,1.6312e+005,0.118,-0.019
13,1,9,1.6316e+005,0.534,-0.492
13,1,9,1.632e+005,0.603,0.214
13,1,9,1.6324e+005,0.262,-0.103
13,1,9,1.6328e+005,0.291,0.056
13,1,9,1.6332e+005,-0.058,0.374
13,1,9,1.6336e+005,-0.035,-0.309
13,1,9,1.634e+005,-0.053,0.018
13,1,9,1.6344e+005,-0.495,0.389
13,1,9,1.6348e+005,-0.142,-0.469
13,1,9,1.6352e+005,-0.197,-0.429
13,1,9,1.6355e+005,0.051,-0.279
13,1,9,1.6359e+005,-0.14,0.016
13,1,9,1.6363e+005,-0.577,0.092
13,1,9,1.6367e+005,-0.486,-0.563
13,1,9,1.6371e+005,-0.537,-0.2
13,1,9,1.6375e+005,-0.758,0.191
13,1,9,1.6379e+005,-0.734,-0.421
13,1,9,1.6383e+005,-0.61,0.017
13,1,9,1.6387e+005,-0.354,-0.056
13,1,9,1.6391e+005,-0.143,-0.11
13,1,9,1.6394e+005,0.096,-0.367
13,1,9,1.6398e+005,0.051,-0.243
13,1,9,1.6402e+005,0.146,0.287
13,1,9,1.6406e+005,-0.08,-0.579
13,1,9,1.641e+005,0.171,-0.328
13,1,9,1.6414e+005,-0.18,0.512
13,1,9,1.6418e+005,0.346,0.054
13,1,9,1.6422e+005,0.063,-0.427
13,1,9,1.6426e+005,0.185,-0.061
13,1,9,1.643e+005,0.014,-0.22
13,1,9,1.6434e+005,0.054,-0.06
13,1,9,1.6437e+005,0.25,-0.286
13,1,9,1.6441e+005,-0.204,0.633
13,1,9,1.6445e+005,0.016,-0.307
13,1,9,1.6449e+005,0.064,-0.226
13,1,9,1.6453e+005,0.164,0.58
13,1,9,1.6457e+005,0.366,-0.532
13,1,9,1.6461e+005,0.501,-0.063
13,1,9,1.6465e+005,0.325,0.114
13,1,9,1.6469e+005,0.855,-0.422
13,1,9,1.6473e+005,0.54,0.155
13,1,9,1.6476e+005,0.961,-0.107
13,1,9,1.648e+005,0.666,-0.266
13,1,9,1.6484e+005,0.85,-0.212
13,1,9,1.6488e+005,0.154,-0.181
13,1,9,1.6492e+005,-0.072,0.475
13,1,9,1.6496e+005,0.052,-0.609
13,1,9,1.65e+005,0.08,0.41
13,1,9,1.6504e+005,0.204,-0.094
13,1,9,1.6508e+005,0.232,-0.634
13,1,9,1.6512e+005,0.077,0.512
13,1,9,1.6516e+005,-0.012,0.534
13,1,9,1.652e+005,-0.255,0.114
13,1,9,1.6523e+005,-0.298,0.272
13,1,9,1.6527e+005,-0.005,0.093
13,1,9,1.6531e+005,-0.048,0.211
13,1,9,1.6535e+005,0.367,-0.304
13,1,9,1.6539e+005,0.395,-0.069
13,1,9,1.6543e+005,0.772,0.206
13,1,9,1.6547e+005,0.551,-0.524
13,1,9,1.6551e+005,0.521,0.182
13,1,9,1.6555e+005,0.172,0.095
13,1,9,1.6558e+005,0.286,0.214
13,1,9,1.6562e+005,-0.176,-0.144
